Event_ID,Employee_ID,Business_Process,Step_Name,Milestone,Due_Date,Status,Completed_Date,Assigned_To_Role
BP-90001,EMP7000,Onboarding,Laptop issued,Day 1,2026-05-25,Completed,2026-07-04,Payroll
BP-90002,EMP7000,Onboarding,Email + SSO access,Day 1,2026-06-03,Completed,2026-07-11,Payroll
BP-90003,EMP7000,Onboarding,Building badge,Day 1,2026-06-27,Completed,2026-06-30,HR
BP-90004,EMP7000,Onboarding,Team introduction,Day 1,2026-07-12,Completed,2026-07-03,Payroll
BP-90005,EMP7000,Onboarding,Compliance training assigned,Day 7,2026-07-31,Not Started,,HR
BP-90006,EMP7000,Onboarding,Policy handbook acknowledgement,Day 7,2026-08-01,In Progress,,IT
BP-90007,EMP7000,Onboarding,First 1:1 scheduled,Day 7,2026-06-20,Escalated,,Payroll
BP-90008,EMP7000,Onboarding,Role goals set,Day 30,2026-07-19,In Progress,,HR
BP-90009,EMP7000,Onboarding,Compliance Document signed,Day 30,2026-07-23,Escalated,,IT
BP-90010,EMP7000,Onboarding,30-day check-in,Day 30,2026-06-12,Completed,2026-07-02,Manager
BP-90011,EMP7000,Onboarding,Mid-probation review,Day 60,2026-05-22,In Progress,,HR
BP-90012,EMP7000,Onboarding,Probation decision,Day 90,2026-06-30,In Progress,,IT
BP-90013,EMP7000,Onboarding,90-day survey,Day 90,2026-05-30,Not Started,,Payroll
BP-90014,EMP7001,Onboarding,Laptop issued,Day 1,2026-07-25,Completed,2026-07-01,IT
BP-90015,EMP7001,Onboarding,Email + SSO access,Day 1,2026-06-28,Completed,2026-07-10,Payroll
BP-90016,EMP7001,Onboarding,Building badge,Day 1,2026-07-03,Completed,2026-07-13,HR
BP-90017,EMP7001,Onboarding,Team introduction,Day 1,2026-05-19,Completed,2026-07-08,IT
BP-90018,EMP7001,Onboarding,Compliance training assigned,Day 7,2026-06-14,Completed,2026-07-15,Payroll
BP-90019,EMP7001,Onboarding,Policy handbook acknowledgement,Day 7,2026-06-13,Completed,2026-07-09,IT
BP-90020,EMP7001,Onboarding,First 1:1 scheduled,Day 7,2026-08-02,Completed,2026-06-30,Manager
BP-90021,EMP7001,Onboarding,Role goals set,Day 30,2026-07-30,Completed,2026-07-10,HR
BP-90022,EMP7001,Onboarding,Compliance Document signed,Day 30,2026-07-03,Escalated,,Manager
BP-90023,EMP7001,Onboarding,30-day check-in,Day 30,2026-07-01,Completed,2026-06-25,IT
BP-90024,EMP7001,Onboarding,Mid-probation review,Day 60,2026-05-25,Not Started,,IT
BP-90025,EMP7001,Onboarding,Probation decision,Day 90,2026-05-29,Completed,2026-07-05,IT
BP-90026,EMP7001,Onboarding,90-day survey,Day 90,2026-06-17,Not Started,,HR
BP-90027,EMP7002,Onboarding,Laptop issued,Day 1,2026-07-31,Completed,2026-07-05,IT
BP-90028,EMP7002,Onboarding,Email + SSO access,Day 1,2026-07-28,In Progress,,HR
BP-90029,EMP7002,Onboarding,Building badge,Day 1,2026-07-15,In Progress,,IT
BP-90030,EMP7002,Onboarding,Team introduction,Day 1,2026-06-18,In Progress,,Payroll
BP-90031,EMP7002,Onboarding,Compliance training assigned,Day 7,2026-07-20,Completed,2026-06-28,Payroll
BP-90032,EMP7002,Onboarding,Policy handbook acknowledgement,Day 7,2026-07-17,In Progress,,Payroll
BP-90033,EMP7002,Onboarding,First 1:1 scheduled,Day 7,2026-07-19,Escalated,,IT
BP-90034,EMP7002,Onboarding,Role goals set,Day 30,2026-07-27,Completed,2026-07-06,Manager
BP-90035,EMP7002,Onboarding,Compliance Document signed,Day 30,2026-07-04,Completed,2026-07-02,Payroll
BP-90036,EMP7002,Onboarding,30-day check-in,Day 30,2026-06-02,Escalated,,HR
BP-90037,EMP7002,Onboarding,Mid-probation review,Day 60,2026-06-03,Completed,2026-07-10,Payroll
BP-90038,EMP7002,Onboarding,Probation decision,Day 90,2026-05-30,In Progress,,Payroll
BP-90039,EMP7002,Onboarding,90-day survey,Day 90,2026-07-07,Completed,2026-07-07,Payroll
BP-90040,EMP7003,Onboarding,Laptop issued,Day 1,2026-06-04,In Progress,,Payroll
BP-90041,EMP7003,Onboarding,Email + SSO access,Day 1,2026-07-01,Not Started,,HR
BP-90042,EMP7003,Onboarding,Building badge,Day 1,2026-08-04,Completed,2026-07-14,HR
BP-90043,EMP7003,Onboarding,Team introduction,Day 1,2026-07-01,Completed,2026-07-09,Payroll
BP-90044,EMP7003,Onboarding,Compliance training assigned,Day 7,2026-06-02,Completed,2026-07-08,HR
BP-90045,EMP7003,Onboarding,Policy handbook acknowledgement,Day 7,2026-06-23,Completed,2026-07-12,Manager
BP-90046,EMP7003,Onboarding,First 1:1 scheduled,Day 7,2026-08-02,Completed,2026-07-10,HR
BP-90047,EMP7003,Onboarding,Role goals set,Day 30,2026-08-03,Completed,2026-07-03,Manager
BP-90048,EMP7003,Onboarding,Compliance Document signed,Day 30,2026-06-21,Completed,2026-07-07,Manager
BP-90049,EMP7003,Onboarding,30-day check-in,Day 30,2026-06-12,In Progress,,IT
BP-90050,EMP7003,Onboarding,Mid-probation review,Day 60,2026-07-28,Completed,2026-06-27,Payroll
BP-90051,EMP7003,Onboarding,Probation decision,Day 90,2026-07-18,Completed,2026-07-10,IT
BP-90052,EMP7003,Onboarding,90-day survey,Day 90,2026-05-17,Completed,2026-07-10,HR
BP-90053,EMP7004,Onboarding,Laptop issued,Day 1,2026-07-27,Completed,2026-07-09,Payroll
BP-90054,EMP7004,Onboarding,Email + SSO access,Day 1,2026-06-25,Completed,2026-07-11,HR
BP-90055,EMP7004,Onboarding,Building badge,Day 1,2026-07-09,Completed,2026-06-28,HR
BP-90056,EMP7004,Onboarding,Team introduction,Day 1,2026-05-30,In Progress,,IT
BP-90057,EMP7004,Onboarding,Compliance training assigned,Day 7,2026-05-31,Completed,2026-07-03,Manager
BP-90058,EMP7004,Onboarding,Policy handbook acknowledgement,Day 7,2026-07-15,Completed,2026-07-01,HR
BP-90059,EMP7004,Onboarding,First 1:1 scheduled,Day 7,2026-06-25,Completed,2026-07-03,HR
BP-90060,EMP7004,Onboarding,Role goals set,Day 30,2026-06-24,Completed,2026-07-08,Manager
BP-90061,EMP7004,Onboarding,Compliance Document signed,Day 30,2026-05-24,Completed,2026-07-05,Payroll
BP-90062,EMP7004,Onboarding,30-day check-in,Day 30,2026-06-26,In Progress,,Manager
BP-90063,EMP7004,Onboarding,Mid-probation review,Day 60,2026-05-24,Completed,2026-07-01,HR
BP-90064,EMP7004,Onboarding,Probation decision,Day 90,2026-06-19,Completed,2026-06-29,Manager
BP-90065,EMP7004,Onboarding,90-day survey,Day 90,2026-05-25,Completed,2026-06-30,Manager
BP-90066,EMP7005,Onboarding,Laptop issued,Day 1,2026-06-09,In Progress,,IT
BP-90067,EMP7005,Onboarding,Email + SSO access,Day 1,2026-07-03,Completed,2026-06-25,HR
BP-90068,EMP7005,Onboarding,Building badge,Day 1,2026-06-16,Completed,2026-07-10,Payroll
BP-90069,EMP7005,Onboarding,Team introduction,Day 1,2026-06-24,Completed,2026-07-02,Manager
BP-90070,EMP7005,Onboarding,Compliance training assigned,Day 7,2026-05-26,Completed,2026-07-01,Manager
BP-90071,EMP7005,Onboarding,Policy handbook acknowledgement,Day 7,2026-06-03,Not Started,,HR
BP-90072,EMP7005,Onboarding,First 1:1 scheduled,Day 7,2026-05-21,In Progress,,Payroll
BP-90073,EMP7005,Onboarding,Role goals set,Day 30,2026-07-07,Escalated,,HR
BP-90074,EMP7005,Onboarding,Compliance Document signed,Day 30,2026-05-23,In Progress,,Manager
BP-90075,EMP7005,Onboarding,30-day check-in,Day 30,2026-06-07,Completed,2026-07-15,Manager
BP-90076,EMP7005,Onboarding,Mid-probation review,Day 60,2026-06-17,Completed,2026-06-30,Manager
BP-90077,EMP7005,Onboarding,Probation decision,Day 90,2026-07-08,Completed,2026-06-25,HR
BP-90078,EMP7005,Onboarding,90-day survey,Day 90,2026-05-23,In Progress,,HR
BP-90079,EMP7006,Onboarding,Laptop issued,Day 1,2026-07-01,Completed,2026-07-11,HR
BP-90080,EMP7006,Onboarding,Email + SSO access,Day 1,2026-07-20,Not Started,,IT
BP-90081,EMP7006,Onboarding,Building badge,Day 1,2026-05-19,Escalated,,HR
BP-90082,EMP7006,Onboarding,Team introduction,Day 1,2026-05-28,Not Started,,Manager
BP-90083,EMP7006,Onboarding,Compliance training assigned,Day 7,2026-07-14,In Progress,,IT
BP-90084,EMP7006,Onboarding,Policy handbook acknowledgement,Day 7,2026-06-03,Not Started,,Payroll
BP-90085,EMP7006,Onboarding,First 1:1 scheduled,Day 7,2026-07-22,Completed,2026-07-02,Manager
BP-90086,EMP7006,Onboarding,Role goals set,Day 30,2026-06-21,In Progress,,Manager
BP-90087,EMP7006,Onboarding,Compliance Document signed,Day 30,2026-08-03,Completed,2026-07-07,HR
BP-90088,EMP7006,Onboarding,30-day check-in,Day 30,2026-06-23,In Progress,,IT
BP-90089,EMP7006,Onboarding,Mid-probation review,Day 60,2026-08-02,Completed,2026-07-13,IT
BP-90090,EMP7006,Onboarding,Probation decision,Day 90,2026-06-18,Completed,2026-07-08,Manager
BP-90091,EMP7006,Onboarding,90-day survey,Day 90,2026-07-14,In Progress,,Manager
BP-90092,EMP7007,Onboarding,Laptop issued,Day 1,2026-07-29,Completed,2026-07-05,HR
BP-90093,EMP7007,Onboarding,Email + SSO access,Day 1,2026-05-24,In Progress,,Manager
BP-90094,EMP7007,Onboarding,Building badge,Day 1,2026-07-27,Completed,2026-07-08,IT
BP-90095,EMP7007,Onboarding,Team introduction,Day 1,2026-05-17,Completed,2026-06-27,IT
BP-90096,EMP7007,Onboarding,Compliance training assigned,Day 7,2026-05-20,Completed,2026-06-30,HR
BP-90097,EMP7007,Onboarding,Policy handbook acknowledgement,Day 7,2026-06-29,Not Started,,HR
BP-90098,EMP7007,Onboarding,First 1:1 scheduled,Day 7,2026-07-04,Not Started,,Manager
BP-90099,EMP7007,Onboarding,Role goals set,Day 30,2026-05-21,In Progress,,Manager
BP-90100,EMP7007,Onboarding,Compliance Document signed,Day 30,2026-07-04,Completed,2026-06-27,Manager
BP-90101,EMP7007,Onboarding,30-day check-in,Day 30,2026-06-15,Completed,2026-06-25,Manager
BP-90102,EMP7007,Onboarding,Mid-probation review,Day 60,2026-07-14,Completed,2026-07-12,HR
BP-90103,EMP7007,Onboarding,Probation decision,Day 90,2026-07-15,Completed,2026-07-02,Manager
BP-90104,EMP7007,Onboarding,90-day survey,Day 90,2026-06-06,Not Started,,IT
BP-90105,EMP7008,Onboarding,Laptop issued,Day 1,2026-07-27,Not Started,,Manager
BP-90106,EMP7008,Onboarding,Email + SSO access,Day 1,2026-05-26,Completed,2026-07-06,HR
BP-90107,EMP7008,Onboarding,Building badge,Day 1,2026-06-14,Completed,2026-06-28,Payroll
BP-90108,EMP7008,Onboarding,Team introduction,Day 1,2026-06-11,Completed,2026-06-25,Manager
BP-90109,EMP7008,Onboarding,Compliance training assigned,Day 7,2026-06-09,Completed,2026-06-30,Manager
BP-90110,EMP7008,Onboarding,Policy handbook acknowledgement,Day 7,2026-07-08,Completed,2026-06-26,IT
BP-90111,EMP7008,Onboarding,First 1:1 scheduled,Day 7,2026-07-26,Completed,2026-07-02,Manager
BP-90112,EMP7008,Onboarding,Role goals set,Day 30,2026-06-10,Escalated,,Payroll
BP-90113,EMP7008,Onboarding,Compliance Document signed,Day 30,2026-06-30,Completed,2026-07-14,HR
BP-90114,EMP7008,Onboarding,30-day check-in,Day 30,2026-06-06,Not Started,,Manager
BP-90115,EMP7008,Onboarding,Mid-probation review,Day 60,2026-07-29,Completed,2026-07-10,Manager
BP-90116,EMP7008,Onboarding,Probation decision,Day 90,2026-07-01,Completed,2026-07-09,Manager
BP-90117,EMP7008,Onboarding,90-day survey,Day 90,2026-05-24,Completed,2026-07-01,IT
BP-90118,EMP7009,Onboarding,Laptop issued,Day 1,2026-07-29,Completed,2026-06-27,IT
BP-90119,EMP7009,Onboarding,Email + SSO access,Day 1,2026-05-19,Completed,2026-06-27,Manager
BP-90120,EMP7009,Onboarding,Building badge,Day 1,2026-06-06,Completed,2026-07-13,HR
BP-90121,EMP7009,Onboarding,Team introduction,Day 1,2026-06-24,Completed,2026-06-28,IT
BP-90122,EMP7009,Onboarding,Compliance training assigned,Day 7,2026-05-30,In Progress,,Manager
BP-90123,EMP7009,Onboarding,Policy handbook acknowledgement,Day 7,2026-07-26,In Progress,,IT
BP-90124,EMP7009,Onboarding,First 1:1 scheduled,Day 7,2026-05-24,Completed,2026-07-12,Manager
BP-90125,EMP7009,Onboarding,Role goals set,Day 30,2026-05-27,Completed,2026-06-30,HR
BP-90126,EMP7009,Onboarding,Compliance Document signed,Day 30,2026-07-07,Completed,2026-07-06,Payroll
BP-90127,EMP7009,Onboarding,30-day check-in,Day 30,2026-07-18,In Progress,,IT
BP-90128,EMP7009,Onboarding,Mid-probation review,Day 60,2026-05-30,In Progress,,HR
BP-90129,EMP7009,Onboarding,Probation decision,Day 90,2026-06-04,In Progress,,Payroll
BP-90130,EMP7009,Onboarding,90-day survey,Day 90,2026-07-31,Completed,2026-06-30,IT
BP-90131,EMP7010,Onboarding,Laptop issued,Day 1,2026-05-21,Completed,2026-06-26,IT
BP-90132,EMP7010,Onboarding,Email + SSO access,Day 1,2026-07-02,In Progress,,HR
BP-90133,EMP7010,Onboarding,Building badge,Day 1,2026-07-14,Completed,2026-07-11,HR
BP-90134,EMP7010,Onboarding,Team introduction,Day 1,2026-05-24,Completed,2026-06-30,Payroll
BP-90135,EMP7010,Onboarding,Compliance training assigned,Day 7,2026-07-29,Not Started,,IT
BP-90136,EMP7010,Onboarding,Policy handbook acknowledgement,Day 7,2026-05-24,In Progress,,IT
BP-90137,EMP7010,Onboarding,First 1:1 scheduled,Day 7,2026-06-13,Escalated,,HR
BP-90138,EMP7010,Onboarding,Role goals set,Day 30,2026-06-07,Completed,2026-06-30,HR
BP-90139,EMP7010,Onboarding,Compliance Document signed,Day 30,2026-05-29,Completed,2026-07-08,Manager
BP-90140,EMP7010,Onboarding,30-day check-in,Day 30,2026-06-19,Completed,2026-07-11,IT
BP-90141,EMP7010,Onboarding,Mid-probation review,Day 60,2026-05-21,Not Started,,Manager
BP-90142,EMP7010,Onboarding,Probation decision,Day 90,2026-06-26,In Progress,,Manager
BP-90143,EMP7010,Onboarding,90-day survey,Day 90,2026-07-27,Not Started,,HR
BP-90144,EMP7011,Onboarding,Laptop issued,Day 1,2026-07-26,Completed,2026-07-03,Payroll
BP-90145,EMP7011,Onboarding,Email + SSO access,Day 1,2026-06-29,Not Started,,IT
BP-90146,EMP7011,Onboarding,Building badge,Day 1,2026-05-25,Completed,2026-07-12,Payroll
BP-90147,EMP7011,Onboarding,Team introduction,Day 1,2026-06-16,Completed,2026-07-05,Manager
BP-90148,EMP7011,Onboarding,Compliance training assigned,Day 7,2026-05-18,Completed,2026-07-06,HR
BP-90149,EMP7011,Onboarding,Policy handbook acknowledgement,Day 7,2026-06-06,In Progress,,HR
BP-90150,EMP7011,Onboarding,First 1:1 scheduled,Day 7,2026-06-22,In Progress,,HR
BP-90151,EMP7011,Onboarding,Role goals set,Day 30,2026-06-28,Completed,2026-07-03,Manager
BP-90152,EMP7011,Onboarding,Compliance Document signed,Day 30,2026-06-22,Not Started,,HR
BP-90153,EMP7011,Onboarding,30-day check-in,Day 30,2026-07-24,Not Started,,Payroll
BP-90154,EMP7011,Onboarding,Mid-probation review,Day 60,2026-07-07,Completed,2026-06-29,Manager
BP-90155,EMP7011,Onboarding,Probation decision,Day 90,2026-07-15,Escalated,,IT
BP-90156,EMP7011,Onboarding,90-day survey,Day 90,2026-07-22,In Progress,,IT
BP-90157,EMP7012,Onboarding,Laptop issued,Day 1,2026-08-03,Completed,2026-06-30,IT
BP-90158,EMP7012,Onboarding,Email + SSO access,Day 1,2026-07-04,Completed,2026-07-13,Payroll
BP-90159,EMP7012,Onboarding,Building badge,Day 1,2026-08-01,Completed,2026-07-12,IT
BP-90160,EMP7012,Onboarding,Team introduction,Day 1,2026-07-30,Completed,2026-07-09,IT
BP-90161,EMP7012,Onboarding,Compliance training assigned,Day 7,2026-07-08,Completed,2026-07-09,HR
BP-90162,EMP7012,Onboarding,Policy handbook acknowledgement,Day 7,2026-07-13,Completed,2026-07-01,Manager
BP-90163,EMP7012,Onboarding,First 1:1 scheduled,Day 7,2026-05-21,Not Started,,Payroll
BP-90164,EMP7012,Onboarding,Role goals set,Day 30,2026-06-22,Completed,2026-06-28,Payroll
BP-90165,EMP7012,Onboarding,Compliance Document signed,Day 30,2026-07-21,Not Started,,IT
BP-90166,EMP7012,Onboarding,30-day check-in,Day 30,2026-06-22,Completed,2026-07-09,HR
BP-90167,EMP7012,Onboarding,Mid-probation review,Day 60,2026-07-18,Not Started,,Payroll
BP-90168,EMP7012,Onboarding,Probation decision,Day 90,2026-07-22,Completed,2026-07-14,IT
BP-90169,EMP7012,Onboarding,90-day survey,Day 90,2026-05-26,Completed,2026-06-25,Manager
BP-90170,EMP7013,Onboarding,Laptop issued,Day 1,2026-08-04,In Progress,,IT
BP-90171,EMP7013,Onboarding,Email + SSO access,Day 1,2026-07-13,Completed,2026-07-04,HR
BP-90172,EMP7013,Onboarding,Building badge,Day 1,2026-06-05,In Progress,,Manager
BP-90173,EMP7013,Onboarding,Team introduction,Day 1,2026-06-21,Not Started,,Payroll
BP-90174,EMP7013,Onboarding,Compliance training assigned,Day 7,2026-05-23,Not Started,,HR
BP-90175,EMP7013,Onboarding,Policy handbook acknowledgement,Day 7,2026-05-16,Completed,2026-06-27,HR
BP-90176,EMP7013,Onboarding,First 1:1 scheduled,Day 7,2026-06-29,Escalated,,HR
BP-90177,EMP7013,Onboarding,Role goals set,Day 30,2026-06-13,Completed,2026-06-26,HR
BP-90178,EMP7013,Onboarding,Compliance Document signed,Day 30,2026-06-07,Completed,2026-07-12,Manager
BP-90179,EMP7013,Onboarding,30-day check-in,Day 30,2026-07-31,Completed,2026-07-01,IT
BP-90180,EMP7013,Onboarding,Mid-probation review,Day 60,2026-07-05,In Progress,,HR
BP-90181,EMP7013,Onboarding,Probation decision,Day 90,2026-07-16,Completed,2026-07-05,HR
BP-90182,EMP7013,Onboarding,90-day survey,Day 90,2026-07-03,Completed,2026-06-28,Manager
BP-90183,EMP7014,Onboarding,Laptop issued,Day 1,2026-06-03,Completed,2026-07-11,Payroll
BP-90184,EMP7014,Onboarding,Email + SSO access,Day 1,2026-07-20,Completed,2026-07-10,HR
BP-90185,EMP7014,Onboarding,Building badge,Day 1,2026-05-26,Completed,2026-07-12,Payroll
BP-90186,EMP7014,Onboarding,Team introduction,Day 1,2026-06-28,Escalated,,IT
BP-90187,EMP7014,Onboarding,Compliance training assigned,Day 7,2026-07-22,Completed,2026-07-05,IT
BP-90188,EMP7014,Onboarding,Policy handbook acknowledgement,Day 7,2026-06-11,Escalated,,HR
BP-90189,EMP7014,Onboarding,First 1:1 scheduled,Day 7,2026-07-07,Escalated,,Payroll
BP-90190,EMP7014,Onboarding,Role goals set,Day 30,2026-06-27,In Progress,,HR
BP-90191,EMP7014,Onboarding,Compliance Document signed,Day 30,2026-08-02,In Progress,,HR
BP-90192,EMP7014,Onboarding,30-day check-in,Day 30,2026-07-29,In Progress,,IT
BP-90193,EMP7014,Onboarding,Mid-probation review,Day 60,2026-06-21,In Progress,,IT
BP-90194,EMP7014,Onboarding,Probation decision,Day 90,2026-06-17,Completed,2026-06-29,Manager
BP-90195,EMP7014,Onboarding,90-day survey,Day 90,2026-07-01,Not Started,,HR
BP-90196,EMP7015,Onboarding,Laptop issued,Day 1,2026-05-28,Completed,2026-06-26,HR
BP-90197,EMP7015,Onboarding,Email + SSO access,Day 1,2026-06-10,In Progress,,HR
BP-90198,EMP7015,Onboarding,Building badge,Day 1,2026-05-24,Not Started,,IT
BP-90199,EMP7015,Onboarding,Team introduction,Day 1,2026-08-01,Completed,2026-06-30,Payroll
BP-90200,EMP7015,Onboarding,Compliance training assigned,Day 7,2026-07-27,Completed,2026-07-04,IT
BP-90201,EMP7015,Onboarding,Policy handbook acknowledgement,Day 7,2026-07-30,Completed,2026-07-09,HR
BP-90202,EMP7015,Onboarding,First 1:1 scheduled,Day 7,2026-07-10,Completed,2026-07-06,HR
BP-90203,EMP7015,Onboarding,Role goals set,Day 30,2026-06-01,In Progress,,Payroll
BP-90204,EMP7015,Onboarding,Compliance Document signed,Day 30,2026-07-12,Completed,2026-07-05,Manager
BP-90205,EMP7015,Onboarding,30-day check-in,Day 30,2026-07-17,Completed,2026-07-01,HR
BP-90206,EMP7015,Onboarding,Mid-probation review,Day 60,2026-07-31,In Progress,,Manager
BP-90207,EMP7015,Onboarding,Probation decision,Day 90,2026-06-12,Completed,2026-07-05,Manager
BP-90208,EMP7015,Onboarding,90-day survey,Day 90,2026-06-10,Completed,2026-07-15,HR
BP-90209,EMP7016,Onboarding,Laptop issued,Day 1,2026-08-01,Completed,2026-07-10,Manager
BP-90210,EMP7016,Onboarding,Email + SSO access,Day 1,2026-05-18,Completed,2026-07-14,Payroll
BP-90211,EMP7016,Onboarding,Building badge,Day 1,2026-05-28,Not Started,,Manager
BP-90212,EMP7016,Onboarding,Team introduction,Day 1,2026-06-29,Completed,2026-07-11,Payroll
BP-90213,EMP7016,Onboarding,Compliance training assigned,Day 7,2026-07-31,Completed,2026-07-02,IT
BP-90214,EMP7016,Onboarding,Policy handbook acknowledgement,Day 7,2026-07-28,Completed,2026-07-10,IT
BP-90215,EMP7016,Onboarding,First 1:1 scheduled,Day 7,2026-07-14,In Progress,,IT
BP-90216,EMP7016,Onboarding,Role goals set,Day 30,2026-08-01,Not Started,,IT
BP-90217,EMP7016,Onboarding,Compliance Document signed,Day 30,2026-06-18,Completed,2026-07-05,IT
BP-90218,EMP7016,Onboarding,30-day check-in,Day 30,2026-06-28,Escalated,,IT
BP-90219,EMP7016,Onboarding,Mid-probation review,Day 60,2026-07-01,Completed,2026-07-07,IT
BP-90220,EMP7016,Onboarding,Probation decision,Day 90,2026-06-11,Completed,2026-06-30,Manager
BP-90221,EMP7016,Onboarding,90-day survey,Day 90,2026-06-18,Completed,2026-06-26,Payroll
BP-90222,EMP7017,Onboarding,Laptop issued,Day 1,2026-05-30,Completed,2026-07-02,Payroll
BP-90223,EMP7017,Onboarding,Email + SSO access,Day 1,2026-07-05,Completed,2026-06-26,Payroll
BP-90224,EMP7017,Onboarding,Building badge,Day 1,2026-07-20,Not Started,,IT
BP-90225,EMP7017,Onboarding,Team introduction,Day 1,2026-06-06,Completed,2026-07-11,HR
BP-90226,EMP7017,Onboarding,Compliance training assigned,Day 7,2026-06-07,In Progress,,IT
BP-90227,EMP7017,Onboarding,Policy handbook acknowledgement,Day 7,2026-06-23,In Progress,,IT
BP-90228,EMP7017,Onboarding,First 1:1 scheduled,Day 7,2026-06-26,In Progress,,HR
BP-90229,EMP7017,Onboarding,Role goals set,Day 30,2026-06-29,Completed,2026-07-08,HR
BP-90230,EMP7017,Onboarding,Compliance Document signed,Day 30,2026-07-09,In Progress,,IT
BP-90231,EMP7017,Onboarding,30-day check-in,Day 30,2026-07-05,Not Started,,IT
BP-90232,EMP7017,Onboarding,Mid-probation review,Day 60,2026-07-10,Completed,2026-07-12,Payroll
BP-90233,EMP7017,Onboarding,Probation decision,Day 90,2026-07-27,In Progress,,HR
BP-90234,EMP7017,Onboarding,90-day survey,Day 90,2026-08-02,Escalated,,HR
BP-90235,EMP7018,Onboarding,Laptop issued,Day 1,2026-06-24,Completed,2026-07-08,HR
BP-90236,EMP7018,Onboarding,Email + SSO access,Day 1,2026-06-29,Completed,2026-07-08,Manager
BP-90237,EMP7018,Onboarding,Building badge,Day 1,2026-07-11,Completed,2026-07-11,Payroll
BP-90238,EMP7018,Onboarding,Team introduction,Day 1,2026-07-24,Not Started,,IT
BP-90239,EMP7018,Onboarding,Compliance training assigned,Day 7,2026-06-10,Completed,2026-06-26,HR
BP-90240,EMP7018,Onboarding,Policy handbook acknowledgement,Day 7,2026-07-19,Completed,2026-07-09,Payroll
BP-90241,EMP7018,Onboarding,First 1:1 scheduled,Day 7,2026-07-17,Completed,2026-07-13,IT
BP-90242,EMP7018,Onboarding,Role goals set,Day 30,2026-05-21,Completed,2026-07-14,Manager
BP-90243,EMP7018,Onboarding,Compliance Document signed,Day 30,2026-06-17,Completed,2026-07-11,Manager
BP-90244,EMP7018,Onboarding,30-day check-in,Day 30,2026-06-04,Completed,2026-07-11,Payroll
BP-90245,EMP7018,Onboarding,Mid-probation review,Day 60,2026-07-14,Completed,2026-07-07,Payroll
BP-90246,EMP7018,Onboarding,Probation decision,Day 90,2026-07-25,In Progress,,Payroll
BP-90247,EMP7018,Onboarding,90-day survey,Day 90,2026-07-08,In Progress,,Payroll
BP-90248,EMP7019,Onboarding,Laptop issued,Day 1,2026-06-23,Not Started,,HR
BP-90249,EMP7019,Onboarding,Email + SSO access,Day 1,2026-06-11,Completed,2026-07-01,Manager
BP-90250,EMP7019,Onboarding,Building badge,Day 1,2026-06-18,In Progress,,Manager
BP-90251,EMP7019,Onboarding,Team introduction,Day 1,2026-06-23,Not Started,,Payroll
BP-90252,EMP7019,Onboarding,Compliance training assigned,Day 7,2026-06-12,In Progress,,IT
BP-90253,EMP7019,Onboarding,Policy handbook acknowledgement,Day 7,2026-07-09,Completed,2026-07-15,HR
BP-90254,EMP7019,Onboarding,First 1:1 scheduled,Day 7,2026-05-25,Completed,2026-07-11,IT
BP-90255,EMP7019,Onboarding,Role goals set,Day 30,2026-06-15,Completed,2026-07-06,IT
BP-90256,EMP7019,Onboarding,Compliance Document signed,Day 30,2026-07-10,Escalated,,IT
BP-90257,EMP7019,Onboarding,30-day check-in,Day 30,2026-07-13,In Progress,,HR
BP-90258,EMP7019,Onboarding,Mid-probation review,Day 60,2026-06-03,Completed,2026-07-14,IT
BP-90259,EMP7019,Onboarding,Probation decision,Day 90,2026-07-21,Completed,2026-06-25,HR
BP-90260,EMP7019,Onboarding,90-day survey,Day 90,2026-07-29,Completed,2026-07-11,Payroll
BP-90261,EMP7020,Onboarding,Laptop issued,Day 1,2026-07-22,Completed,2026-07-02,IT
BP-90262,EMP7020,Onboarding,Email + SSO access,Day 1,2026-05-16,Completed,2026-07-03,Manager
BP-90263,EMP7020,Onboarding,Building badge,Day 1,2026-07-30,Completed,2026-07-10,IT
BP-90264,EMP7020,Onboarding,Team introduction,Day 1,2026-07-01,Completed,2026-07-01,Manager
BP-90265,EMP7020,Onboarding,Compliance training assigned,Day 7,2026-05-26,In Progress,,HR
BP-90266,EMP7020,Onboarding,Policy handbook acknowledgement,Day 7,2026-06-28,Completed,2026-07-06,HR
BP-90267,EMP7020,Onboarding,First 1:1 scheduled,Day 7,2026-05-19,Not Started,,HR
BP-90268,EMP7020,Onboarding,Role goals set,Day 30,2026-06-27,Completed,2026-07-11,IT
BP-90269,EMP7020,Onboarding,Compliance Document signed,Day 30,2026-07-01,Completed,2026-07-08,HR
BP-90270,EMP7020,Onboarding,30-day check-in,Day 30,2026-07-08,In Progress,,HR
BP-90271,EMP7020,Onboarding,Mid-probation review,Day 60,2026-05-30,Completed,2026-07-03,Manager
BP-90272,EMP7020,Onboarding,Probation decision,Day 90,2026-06-26,Completed,2026-07-05,Manager
BP-90273,EMP7020,Onboarding,90-day survey,Day 90,2026-06-07,Completed,2026-07-10,Payroll
BP-90274,EMP7021,Onboarding,Laptop issued,Day 1,2026-07-20,Completed,2026-06-28,Manager
BP-90275,EMP7021,Onboarding,Email + SSO access,Day 1,2026-07-28,In Progress,,HR
BP-90276,EMP7021,Onboarding,Building badge,Day 1,2026-05-31,In Progress,,IT
BP-90277,EMP7021,Onboarding,Team introduction,Day 1,2026-07-14,Completed,2026-07-02,IT
BP-90278,EMP7021,Onboarding,Compliance training assigned,Day 7,2026-06-07,Completed,2026-07-14,IT
BP-90279,EMP7021,Onboarding,Policy handbook acknowledgement,Day 7,2026-06-03,In Progress,,HR
BP-90280,EMP7021,Onboarding,First 1:1 scheduled,Day 7,2026-07-23,Completed,2026-07-13,Manager
BP-90281,EMP7021,Onboarding,Role goals set,Day 30,2026-06-16,Completed,2026-06-28,Manager
BP-90282,EMP7021,Onboarding,Compliance Document signed,Day 30,2026-07-28,In Progress,,Payroll
BP-90283,EMP7021,Onboarding,30-day check-in,Day 30,2026-07-07,Completed,2026-07-15,IT
BP-90284,EMP7021,Onboarding,Mid-probation review,Day 60,2026-07-25,Completed,2026-07-13,HR
BP-90285,EMP7021,Onboarding,Probation decision,Day 90,2026-07-22,Completed,2026-06-29,Manager
BP-90286,EMP7021,Onboarding,90-day survey,Day 90,2026-05-23,Completed,2026-07-09,Manager
BP-90287,EMP7022,Onboarding,Laptop issued,Day 1,2026-05-20,In Progress,,HR
BP-90288,EMP7022,Onboarding,Email + SSO access,Day 1,2026-05-18,Completed,2026-07-04,Manager
BP-90289,EMP7022,Onboarding,Building badge,Day 1,2026-07-02,Completed,2026-07-15,Manager
BP-90290,EMP7022,Onboarding,Team introduction,Day 1,2026-07-19,Completed,2026-06-25,Manager
BP-90291,EMP7022,Onboarding,Compliance training assigned,Day 7,2026-06-05,In Progress,,IT
BP-90292,EMP7022,Onboarding,Policy handbook acknowledgement,Day 7,2026-07-14,Completed,2026-07-02,IT
BP-90293,EMP7022,Onboarding,First 1:1 scheduled,Day 7,2026-06-08,In Progress,,HR
BP-90294,EMP7022,Onboarding,Role goals set,Day 30,2026-06-06,Completed,2026-06-29,Manager
BP-90295,EMP7022,Onboarding,Compliance Document signed,Day 30,2026-06-19,Completed,2026-06-28,Payroll
BP-90296,EMP7022,Onboarding,30-day check-in,Day 30,2026-05-20,In Progress,,HR
BP-90297,EMP7022,Onboarding,Mid-probation review,Day 60,2026-08-02,Completed,2026-07-15,Payroll
BP-90298,EMP7022,Onboarding,Probation decision,Day 90,2026-08-02,Not Started,,IT
BP-90299,EMP7022,Onboarding,90-day survey,Day 90,2026-07-10,Completed,2026-07-03,Payroll
BP-90300,EMP7023,Onboarding,Laptop issued,Day 1,2026-07-15,Completed,2026-07-08,IT
BP-90301,EMP7023,Onboarding,Email + SSO access,Day 1,2026-07-07,Completed,2026-06-29,IT
BP-90302,EMP7023,Onboarding,Building badge,Day 1,2026-06-17,In Progress,,Payroll
BP-90303,EMP7023,Onboarding,Team introduction,Day 1,2026-05-17,Not Started,,HR
BP-90304,EMP7023,Onboarding,Compliance training assigned,Day 7,2026-07-21,In Progress,,Payroll
BP-90305,EMP7023,Onboarding,Policy handbook acknowledgement,Day 7,2026-07-31,Completed,2026-07-13,Payroll
BP-90306,EMP7023,Onboarding,First 1:1 scheduled,Day 7,2026-06-10,Completed,2026-07-01,IT
BP-90307,EMP7023,Onboarding,Role goals set,Day 30,2026-08-03,Completed,2026-06-27,HR
BP-90308,EMP7023,Onboarding,Compliance Document signed,Day 30,2026-07-18,Not Started,,IT
BP-90309,EMP7023,Onboarding,30-day check-in,Day 30,2026-08-04,Completed,2026-07-03,HR
BP-90310,EMP7023,Onboarding,Mid-probation review,Day 60,2026-06-02,Completed,2026-06-27,Manager
BP-90311,EMP7023,Onboarding,Probation decision,Day 90,2026-06-28,Completed,2026-07-07,Payroll
BP-90312,EMP7023,Onboarding,90-day survey,Day 90,2026-06-08,Not Started,,IT
BP-90313,EMP7024,Onboarding,Laptop issued,Day 1,2026-07-12,Completed,2026-07-07,Manager
BP-90314,EMP7024,Onboarding,Email + SSO access,Day 1,2026-06-24,Not Started,,Payroll
BP-90315,EMP7024,Onboarding,Building badge,Day 1,2026-05-23,In Progress,,IT
BP-90316,EMP7024,Onboarding,Team introduction,Day 1,2026-06-12,Not Started,,Manager
BP-90317,EMP7024,Onboarding,Compliance training assigned,Day 7,2026-05-28,Not Started,,Payroll
BP-90318,EMP7024,Onboarding,Policy handbook acknowledgement,Day 7,2026-07-06,Completed,2026-07-15,Manager
BP-90319,EMP7024,Onboarding,First 1:1 scheduled,Day 7,2026-06-23,Completed,2026-07-11,Payroll
BP-90320,EMP7024,Onboarding,Role goals set,Day 30,2026-05-19,Not Started,,HR
BP-90321,EMP7024,Onboarding,Compliance Document signed,Day 30,2026-07-07,Completed,2026-07-05,Payroll
BP-90322,EMP7024,Onboarding,30-day check-in,Day 30,2026-05-19,Completed,2026-07-02,HR
BP-90323,EMP7024,Onboarding,Mid-probation review,Day 60,2026-06-23,Completed,2026-07-13,Manager
BP-90324,EMP7024,Onboarding,Probation decision,Day 90,2026-05-29,Completed,2026-07-10,Manager
BP-90325,EMP7024,Onboarding,90-day survey,Day 90,2026-06-03,Completed,2026-07-10,IT
BP-90326,EMP7025,Onboarding,Laptop issued,Day 1,2026-07-30,Completed,2026-07-08,IT
BP-90327,EMP7025,Onboarding,Email + SSO access,Day 1,2026-06-19,In Progress,,Payroll
BP-90328,EMP7025,Onboarding,Building badge,Day 1,2026-06-13,Completed,2026-07-13,IT
BP-90329,EMP7025,Onboarding,Team introduction,Day 1,2026-06-01,Completed,2026-06-27,IT
BP-90330,EMP7025,Onboarding,Compliance training assigned,Day 7,2026-07-13,Not Started,,HR
BP-90331,EMP7025,Onboarding,Policy handbook acknowledgement,Day 7,2026-05-21,Escalated,,Payroll
BP-90332,EMP7025,Onboarding,First 1:1 scheduled,Day 7,2026-07-13,Completed,2026-07-10,IT
BP-90333,EMP7025,Onboarding,Role goals set,Day 30,2026-07-12,Completed,2026-06-28,Manager
BP-90334,EMP7025,Onboarding,Compliance Document signed,Day 30,2026-07-16,In Progress,,Payroll
BP-90335,EMP7025,Onboarding,30-day check-in,Day 30,2026-05-26,Completed,2026-07-09,HR
BP-90336,EMP7025,Onboarding,Mid-probation review,Day 60,2026-05-28,Not Started,,IT
BP-90337,EMP7025,Onboarding,Probation decision,Day 90,2026-07-16,Completed,2026-06-27,IT
BP-90338,EMP7025,Onboarding,90-day survey,Day 90,2026-06-05,Completed,2026-07-04,IT
BP-90339,EMP7026,Onboarding,Laptop issued,Day 1,2026-06-20,In Progress,,Manager
BP-90340,EMP7026,Onboarding,Email + SSO access,Day 1,2026-05-29,Completed,2026-07-10,HR
BP-90341,EMP7026,Onboarding,Building badge,Day 1,2026-06-29,Escalated,,IT
BP-90342,EMP7026,Onboarding,Team introduction,Day 1,2026-07-27,Completed,2026-06-29,IT
BP-90343,EMP7026,Onboarding,Compliance training assigned,Day 7,2026-06-23,Completed,2026-07-02,Payroll
BP-90344,EMP7026,Onboarding,Policy handbook acknowledgement,Day 7,2026-06-11,Not Started,,HR
BP-90345,EMP7026,Onboarding,First 1:1 scheduled,Day 7,2026-07-13,Not Started,,HR
BP-90346,EMP7026,Onboarding,Role goals set,Day 30,2026-05-24,In Progress,,Payroll
BP-90347,EMP7026,Onboarding,Compliance Document signed,Day 30,2026-07-29,Completed,2026-07-03,IT
BP-90348,EMP7026,Onboarding,30-day check-in,Day 30,2026-08-01,Completed,2026-06-27,HR
BP-90349,EMP7026,Onboarding,Mid-probation review,Day 60,2026-07-18,Completed,2026-07-04,HR
BP-90350,EMP7026,Onboarding,Probation decision,Day 90,2026-06-24,Not Started,,HR
BP-90351,EMP7026,Onboarding,90-day survey,Day 90,2026-06-03,Completed,2026-06-25,HR
BP-90352,EMP7027,Onboarding,Laptop issued,Day 1,2026-06-29,In Progress,,HR
BP-90353,EMP7027,Onboarding,Email + SSO access,Day 1,2026-07-17,Completed,2026-07-13,IT
BP-90354,EMP7027,Onboarding,Building badge,Day 1,2026-07-31,In Progress,,Manager
BP-90355,EMP7027,Onboarding,Team introduction,Day 1,2026-07-17,Completed,2026-07-02,HR
BP-90356,EMP7027,Onboarding,Compliance training assigned,Day 7,2026-05-29,Not Started,,Payroll
BP-90357,EMP7027,Onboarding,Policy handbook acknowledgement,Day 7,2026-06-08,Completed,2026-07-05,HR
BP-90358,EMP7027,Onboarding,First 1:1 scheduled,Day 7,2026-05-25,Completed,2026-07-13,HR
BP-90359,EMP7027,Onboarding,Role goals set,Day 30,2026-05-24,Completed,2026-07-06,Payroll
BP-90360,EMP7027,Onboarding,Compliance Document signed,Day 30,2026-06-05,Completed,2026-07-12,HR
BP-90361,EMP7027,Onboarding,30-day check-in,Day 30,2026-06-26,Completed,2026-06-25,HR
BP-90362,EMP7027,Onboarding,Mid-probation review,Day 60,2026-05-28,Completed,2026-07-15,HR
BP-90363,EMP7027,Onboarding,Probation decision,Day 90,2026-06-14,Completed,2026-07-06,Payroll
BP-90364,EMP7027,Onboarding,90-day survey,Day 90,2026-06-16,Escalated,,Manager
BP-90365,EMP7028,Onboarding,Laptop issued,Day 1,2026-07-23,Completed,2026-07-04,Manager
BP-90366,EMP7028,Onboarding,Email + SSO access,Day 1,2026-05-16,Completed,2026-07-02,Payroll
BP-90367,EMP7028,Onboarding,Building badge,Day 1,2026-06-27,Not Started,,Payroll
BP-90368,EMP7028,Onboarding,Team introduction,Day 1,2026-06-04,Completed,2026-07-01,HR
BP-90369,EMP7028,Onboarding,Compliance training assigned,Day 7,2026-05-17,Completed,2026-06-25,IT
BP-90370,EMP7028,Onboarding,Policy handbook acknowledgement,Day 7,2026-08-02,Completed,2026-07-10,Payroll
BP-90371,EMP7028,Onboarding,First 1:1 scheduled,Day 7,2026-07-11,Completed,2026-07-06,Manager
BP-90372,EMP7028,Onboarding,Role goals set,Day 30,2026-05-29,Completed,2026-07-08,HR
BP-90373,EMP7028,Onboarding,Compliance Document signed,Day 30,2026-06-01,Completed,2026-07-04,Manager
BP-90374,EMP7028,Onboarding,30-day check-in,Day 30,2026-06-06,Completed,2026-07-04,HR
BP-90375,EMP7028,Onboarding,Mid-probation review,Day 60,2026-06-25,Completed,2026-07-15,Manager
BP-90376,EMP7028,Onboarding,Probation decision,Day 90,2026-06-20,Completed,2026-07-11,Payroll
BP-90377,EMP7028,Onboarding,90-day survey,Day 90,2026-07-21,Completed,2026-07-09,HR
BP-90378,EMP7029,Onboarding,Laptop issued,Day 1,2026-06-03,Not Started,,HR
BP-90379,EMP7029,Onboarding,Email + SSO access,Day 1,2026-06-04,Not Started,,Manager
BP-90380,EMP7029,Onboarding,Building badge,Day 1,2026-06-12,Not Started,,HR
BP-90381,EMP7029,Onboarding,Team introduction,Day 1,2026-05-31,Completed,2026-07-01,IT
BP-90382,EMP7029,Onboarding,Compliance training assigned,Day 7,2026-06-11,Completed,2026-07-06,Payroll
BP-90383,EMP7029,Onboarding,Policy handbook acknowledgement,Day 7,2026-05-19,Completed,2026-06-26,HR
BP-90384,EMP7029,Onboarding,First 1:1 scheduled,Day 7,2026-07-13,In Progress,,HR
BP-90385,EMP7029,Onboarding,Role goals set,Day 30,2026-06-15,Not Started,,Payroll
BP-90386,EMP7029,Onboarding,Compliance Document signed,Day 30,2026-07-11,Completed,2026-07-09,Payroll
BP-90387,EMP7029,Onboarding,30-day check-in,Day 30,2026-07-13,Not Started,,HR
BP-90388,EMP7029,Onboarding,Mid-probation review,Day 60,2026-08-03,In Progress,,IT
BP-90389,EMP7029,Onboarding,Probation decision,Day 90,2026-05-20,Not Started,,HR
BP-90390,EMP7029,Onboarding,90-day survey,Day 90,2026-07-02,Completed,2026-07-04,Payroll
BP-90391,EMP7030,Onboarding,Laptop issued,Day 1,2026-05-26,Completed,2026-06-25,Manager
BP-90392,EMP7030,Onboarding,Email + SSO access,Day 1,2026-05-31,In Progress,,Payroll
BP-90393,EMP7030,Onboarding,Building badge,Day 1,2026-05-22,Completed,2026-07-12,HR
BP-90394,EMP7030,Onboarding,Team introduction,Day 1,2026-07-08,In Progress,,HR
BP-90395,EMP7030,Onboarding,Compliance training assigned,Day 7,2026-06-22,Completed,2026-07-01,HR
BP-90396,EMP7030,Onboarding,Policy handbook acknowledgement,Day 7,2026-05-17,In Progress,,IT
BP-90397,EMP7030,Onboarding,First 1:1 scheduled,Day 7,2026-06-16,Completed,2026-07-02,HR
BP-90398,EMP7030,Onboarding,Role goals set,Day 30,2026-06-02,Completed,2026-06-27,Manager
BP-90399,EMP7030,Onboarding,Compliance Document signed,Day 30,2026-07-02,In Progress,,Manager
BP-90400,EMP7030,Onboarding,30-day check-in,Day 30,2026-05-28,Completed,2026-07-03,Manager
BP-90401,EMP7030,Onboarding,Mid-probation review,Day 60,2026-07-15,Completed,2026-06-26,Payroll
BP-90402,EMP7030,Onboarding,Probation decision,Day 90,2026-06-12,Completed,2026-07-13,IT
BP-90403,EMP7030,Onboarding,90-day survey,Day 90,2026-07-24,Completed,2026-06-28,HR
BP-90404,EMP7031,Onboarding,Laptop issued,Day 1,2026-07-09,In Progress,,Manager
BP-90405,EMP7031,Onboarding,Email + SSO access,Day 1,2026-07-10,Not Started,,Payroll
BP-90406,EMP7031,Onboarding,Building badge,Day 1,2026-05-26,Completed,2026-07-12,Payroll
BP-90407,EMP7031,Onboarding,Team introduction,Day 1,2026-05-19,Completed,2026-07-01,IT
BP-90408,EMP7031,Onboarding,Compliance training assigned,Day 7,2026-05-24,Not Started,,Payroll
BP-90409,EMP7031,Onboarding,Policy handbook acknowledgement,Day 7,2026-05-26,In Progress,,Manager
BP-90410,EMP7031,Onboarding,First 1:1 scheduled,Day 7,2026-07-02,Completed,2026-07-15,Payroll
BP-90411,EMP7031,Onboarding,Role goals set,Day 30,2026-06-10,Completed,2026-06-30,HR
BP-90412,EMP7031,Onboarding,Compliance Document signed,Day 30,2026-05-24,In Progress,,IT
BP-90413,EMP7031,Onboarding,30-day check-in,Day 30,2026-06-21,In Progress,,Payroll
BP-90414,EMP7031,Onboarding,Mid-probation review,Day 60,2026-05-18,Completed,2026-07-09,Payroll
BP-90415,EMP7031,Onboarding,Probation decision,Day 90,2026-07-08,Completed,2026-07-10,IT
BP-90416,EMP7031,Onboarding,90-day survey,Day 90,2026-07-11,Escalated,,Payroll
BP-90417,EMP7032,Onboarding,Laptop issued,Day 1,2026-06-07,Not Started,,IT
BP-90418,EMP7032,Onboarding,Email + SSO access,Day 1,2026-05-28,Completed,2026-07-02,HR
BP-90419,EMP7032,Onboarding,Building badge,Day 1,2026-06-30,Completed,2026-07-03,IT
BP-90420,EMP7032,Onboarding,Team introduction,Day 1,2026-06-20,Completed,2026-06-28,Manager
BP-90421,EMP7032,Onboarding,Compliance training assigned,Day 7,2026-06-05,In Progress,,HR
BP-90422,EMP7032,Onboarding,Policy handbook acknowledgement,Day 7,2026-07-10,Completed,2026-07-13,IT
BP-90423,EMP7032,Onboarding,First 1:1 scheduled,Day 7,2026-06-14,Completed,2026-07-03,IT
BP-90424,EMP7032,Onboarding,Role goals set,Day 30,2026-07-27,Completed,2026-07-01,Manager
BP-90425,EMP7032,Onboarding,Compliance Document signed,Day 30,2026-05-31,In Progress,,Manager
BP-90426,EMP7032,Onboarding,30-day check-in,Day 30,2026-07-04,In Progress,,IT
BP-90427,EMP7032,Onboarding,Mid-probation review,Day 60,2026-06-11,In Progress,,IT
BP-90428,EMP7032,Onboarding,Probation decision,Day 90,2026-06-05,In Progress,,HR
BP-90429,EMP7032,Onboarding,90-day survey,Day 90,2026-05-22,In Progress,,IT
BP-90430,EMP7033,Onboarding,Laptop issued,Day 1,2026-06-12,Completed,2026-07-12,Payroll
BP-90431,EMP7033,Onboarding,Email + SSO access,Day 1,2026-07-25,In Progress,,HR
BP-90432,EMP7033,Onboarding,Building badge,Day 1,2026-07-19,Completed,2026-07-10,HR
BP-90433,EMP7033,Onboarding,Team introduction,Day 1,2026-07-26,Completed,2026-07-10,Payroll
BP-90434,EMP7033,Onboarding,Compliance training assigned,Day 7,2026-06-17,In Progress,,IT
BP-90435,EMP7033,Onboarding,Policy handbook acknowledgement,Day 7,2026-07-30,Completed,2026-07-03,HR
BP-90436,EMP7033,Onboarding,First 1:1 scheduled,Day 7,2026-06-04,Completed,2026-07-02,Payroll
BP-90437,EMP7033,Onboarding,Role goals set,Day 30,2026-05-17,Not Started,,IT
BP-90438,EMP7033,Onboarding,Compliance Document signed,Day 30,2026-06-25,Completed,2026-06-27,IT
BP-90439,EMP7033,Onboarding,30-day check-in,Day 30,2026-08-02,Not Started,,HR
BP-90440,EMP7033,Onboarding,Mid-probation review,Day 60,2026-07-08,Completed,2026-07-07,Manager
BP-90441,EMP7033,Onboarding,Probation decision,Day 90,2026-07-03,In Progress,,Manager
BP-90442,EMP7033,Onboarding,90-day survey,Day 90,2026-07-25,In Progress,,Manager
BP-90443,EMP7034,Onboarding,Laptop issued,Day 1,2026-06-11,Completed,2026-07-05,Manager
BP-90444,EMP7034,Onboarding,Email + SSO access,Day 1,2026-05-22,Completed,2026-06-30,Manager
BP-90445,EMP7034,Onboarding,Building badge,Day 1,2026-07-10,Completed,2026-07-07,Manager
BP-90446,EMP7034,Onboarding,Team introduction,Day 1,2026-07-22,Completed,2026-07-10,IT
BP-90447,EMP7034,Onboarding,Compliance training assigned,Day 7,2026-07-16,Completed,2026-07-11,Manager
BP-90448,EMP7034,Onboarding,Policy handbook acknowledgement,Day 7,2026-06-09,Completed,2026-07-05,Payroll
BP-90449,EMP7034,Onboarding,First 1:1 scheduled,Day 7,2026-06-02,Completed,2026-06-26,Manager
BP-90450,EMP7034,Onboarding,Role goals set,Day 30,2026-08-03,Completed,2026-07-07,HR
BP-90451,EMP7034,Onboarding,Compliance Document signed,Day 30,2026-06-08,Completed,2026-07-05,Payroll
BP-90452,EMP7034,Onboarding,30-day check-in,Day 30,2026-06-11,Completed,2026-07-09,HR
BP-90453,EMP7034,Onboarding,Mid-probation review,Day 60,2026-07-14,Completed,2026-06-25,Manager
BP-90454,EMP7034,Onboarding,Probation decision,Day 90,2026-08-04,Not Started,,IT
BP-90455,EMP7034,Onboarding,90-day survey,Day 90,2026-06-25,Completed,2026-06-26,Manager
BP-90456,EMP7035,Onboarding,Laptop issued,Day 1,2026-07-03,Completed,2026-07-02,Payroll
BP-90457,EMP7035,Onboarding,Email + SSO access,Day 1,2026-07-07,In Progress,,Manager
BP-90458,EMP7035,Onboarding,Building badge,Day 1,2026-05-26,Completed,2026-07-01,HR
BP-90459,EMP7035,Onboarding,Team introduction,Day 1,2026-06-23,Completed,2026-07-13,IT
BP-90460,EMP7035,Onboarding,Compliance training assigned,Day 7,2026-07-11,Completed,2026-07-10,IT
BP-90461,EMP7035,Onboarding,Policy handbook acknowledgement,Day 7,2026-06-01,Not Started,,HR
BP-90462,EMP7035,Onboarding,First 1:1 scheduled,Day 7,2026-06-29,Completed,2026-07-14,Payroll
BP-90463,EMP7035,Onboarding,Role goals set,Day 30,2026-07-24,Completed,2026-07-08,IT
BP-90464,EMP7035,Onboarding,Compliance Document signed,Day 30,2026-06-18,In Progress,,HR
BP-90465,EMP7035,Onboarding,30-day check-in,Day 30,2026-06-19,In Progress,,Manager
BP-90466,EMP7035,Onboarding,Mid-probation review,Day 60,2026-06-09,Completed,2026-07-04,IT
BP-90467,EMP7035,Onboarding,Probation decision,Day 90,2026-07-11,Completed,2026-07-04,Payroll
BP-90468,EMP7035,Onboarding,90-day survey,Day 90,2026-07-26,Completed,2026-07-12,Payroll
BP-90469,EMP7036,Onboarding,Laptop issued,Day 1,2026-06-03,Completed,2026-07-09,Payroll
BP-90470,EMP7036,Onboarding,Email + SSO access,Day 1,2026-05-30,In Progress,,IT
BP-90471,EMP7036,Onboarding,Building badge,Day 1,2026-06-19,In Progress,,Payroll
BP-90472,EMP7036,Onboarding,Team introduction,Day 1,2026-07-02,Completed,2026-07-03,IT
BP-90473,EMP7036,Onboarding,Compliance training assigned,Day 7,2026-05-18,Completed,2026-07-10,Payroll
BP-90474,EMP7036,Onboarding,Policy handbook acknowledgement,Day 7,2026-07-29,Not Started,,Manager
BP-90475,EMP7036,Onboarding,First 1:1 scheduled,Day 7,2026-07-05,Completed,2026-07-08,IT
BP-90476,EMP7036,Onboarding,Role goals set,Day 30,2026-05-31,Completed,2026-06-27,HR
BP-90477,EMP7036,Onboarding,Compliance Document signed,Day 30,2026-07-15,In Progress,,Payroll
BP-90478,EMP7036,Onboarding,30-day check-in,Day 30,2026-08-02,Not Started,,Manager
BP-90479,EMP7036,Onboarding,Mid-probation review,Day 60,2026-06-08,In Progress,,HR
BP-90480,EMP7036,Onboarding,Probation decision,Day 90,2026-07-30,Completed,2026-07-13,IT
BP-90481,EMP7036,Onboarding,90-day survey,Day 90,2026-05-29,Completed,2026-07-04,Payroll
BP-90482,EMP7037,Onboarding,Laptop issued,Day 1,2026-05-21,In Progress,,HR
BP-90483,EMP7037,Onboarding,Email + SSO access,Day 1,2026-06-06,Not Started,,Payroll
BP-90484,EMP7037,Onboarding,Building badge,Day 1,2026-05-20,Completed,2026-07-07,Manager
BP-90485,EMP7037,Onboarding,Team introduction,Day 1,2026-05-28,Not Started,,Manager
BP-90486,EMP7037,Onboarding,Compliance training assigned,Day 7,2026-07-10,Completed,2026-07-03,IT
BP-90487,EMP7037,Onboarding,Policy handbook acknowledgement,Day 7,2026-06-29,In Progress,,HR
BP-90488,EMP7037,Onboarding,First 1:1 scheduled,Day 7,2026-05-19,Completed,2026-07-13,Manager
BP-90489,EMP7037,Onboarding,Role goals set,Day 30,2026-07-11,In Progress,,Manager
BP-90490,EMP7037,Onboarding,Compliance Document signed,Day 30,2026-06-03,Completed,2026-06-29,Manager
BP-90491,EMP7037,Onboarding,30-day check-in,Day 30,2026-07-05,In Progress,,IT
BP-90492,EMP7037,Onboarding,Mid-probation review,Day 60,2026-05-26,In Progress,,Manager
BP-90493,EMP7037,Onboarding,Probation decision,Day 90,2026-07-03,Completed,2026-06-28,Payroll
BP-90494,EMP7037,Onboarding,90-day survey,Day 90,2026-06-01,Completed,2026-07-13,IT
BP-90495,EMP7038,Onboarding,Laptop issued,Day 1,2026-07-23,In Progress,,Manager
BP-90496,EMP7038,Onboarding,Email + SSO access,Day 1,2026-06-04,Completed,2026-06-29,Payroll
BP-90497,EMP7038,Onboarding,Building badge,Day 1,2026-06-28,Completed,2026-07-13,IT
BP-90498,EMP7038,Onboarding,Team introduction,Day 1,2026-06-30,In Progress,,Payroll
BP-90499,EMP7038,Onboarding,Compliance training assigned,Day 7,2026-06-10,In Progress,,IT
BP-90500,EMP7038,Onboarding,Policy handbook acknowledgement,Day 7,2026-07-15,Completed,2026-06-27,Manager
BP-90501,EMP7038,Onboarding,First 1:1 scheduled,Day 7,2026-08-04,Not Started,,Payroll
BP-90502,EMP7038,Onboarding,Role goals set,Day 30,2026-06-02,Not Started,,Payroll
BP-90503,EMP7038,Onboarding,Compliance Document signed,Day 30,2026-08-03,Completed,2026-07-11,Payroll
BP-90504,EMP7038,Onboarding,30-day check-in,Day 30,2026-06-15,Completed,2026-07-10,Manager
BP-90505,EMP7038,Onboarding,Mid-probation review,Day 60,2026-07-25,In Progress,,Manager
BP-90506,EMP7038,Onboarding,Probation decision,Day 90,2026-06-19,Completed,2026-06-25,Manager
BP-90507,EMP7038,Onboarding,90-day survey,Day 90,2026-08-01,Completed,2026-07-10,HR
BP-90508,EMP7039,Onboarding,Laptop issued,Day 1,2026-07-08,Completed,2026-07-05,Manager
BP-90509,EMP7039,Onboarding,Email + SSO access,Day 1,2026-05-27,Completed,2026-07-07,Manager
BP-90510,EMP7039,Onboarding,Building badge,Day 1,2026-06-22,Completed,2026-07-14,Payroll
BP-90511,EMP7039,Onboarding,Team introduction,Day 1,2026-05-30,Completed,2026-07-12,Payroll
BP-90512,EMP7039,Onboarding,Compliance training assigned,Day 7,2026-07-27,Completed,2026-07-06,Payroll
BP-90513,EMP7039,Onboarding,Policy handbook acknowledgement,Day 7,2026-05-17,Completed,2026-07-05,IT
BP-90514,EMP7039,Onboarding,First 1:1 scheduled,Day 7,2026-05-24,Completed,2026-06-25,IT
BP-90515,EMP7039,Onboarding,Role goals set,Day 30,2026-05-28,In Progress,,Payroll
BP-90516,EMP7039,Onboarding,Compliance Document signed,Day 30,2026-05-18,Completed,2026-06-25,Manager
BP-90517,EMP7039,Onboarding,30-day check-in,Day 30,2026-06-11,Not Started,,Payroll
BP-90518,EMP7039,Onboarding,Mid-probation review,Day 60,2026-05-16,Completed,2026-07-12,HR
BP-90519,EMP7039,Onboarding,Probation decision,Day 90,2026-06-11,Completed,2026-07-05,Payroll
BP-90520,EMP7039,Onboarding,90-day survey,Day 90,2026-06-02,Completed,2026-07-13,IT
BP-90521,EMP7040,Onboarding,Laptop issued,Day 1,2026-05-30,Completed,2026-06-28,Manager
BP-90522,EMP7040,Onboarding,Email + SSO access,Day 1,2026-06-11,Completed,2026-06-28,Manager
BP-90523,EMP7040,Onboarding,Building badge,Day 1,2026-06-11,Completed,2026-07-08,Manager
BP-90524,EMP7040,Onboarding,Team introduction,Day 1,2026-06-15,Completed,2026-07-04,IT
BP-90525,EMP7040,Onboarding,Compliance training assigned,Day 7,2026-07-03,Completed,2026-07-11,Manager
BP-90526,EMP7040,Onboarding,Policy handbook acknowledgement,Day 7,2026-05-20,Not Started,,Manager
BP-90527,EMP7040,Onboarding,First 1:1 scheduled,Day 7,2026-05-22,Completed,2026-07-10,Manager
BP-90528,EMP7040,Onboarding,Role goals set,Day 30,2026-07-30,Not Started,,HR
BP-90529,EMP7040,Onboarding,Compliance Document signed,Day 30,2026-05-31,Not Started,,Manager
BP-90530,EMP7040,Onboarding,30-day check-in,Day 30,2026-05-27,Completed,2026-07-09,IT
BP-90531,EMP7040,Onboarding,Mid-probation review,Day 60,2026-08-03,Completed,2026-06-30,Payroll
BP-90532,EMP7040,Onboarding,Probation decision,Day 90,2026-06-07,Completed,2026-07-15,Manager
BP-90533,EMP7040,Onboarding,90-day survey,Day 90,2026-07-09,Not Started,,IT
BP-90534,EMP7041,Onboarding,Laptop issued,Day 1,2026-07-25,Completed,2026-07-15,IT
BP-90535,EMP7041,Onboarding,Email + SSO access,Day 1,2026-06-05,Completed,2026-06-29,Payroll
BP-90536,EMP7041,Onboarding,Building badge,Day 1,2026-07-29,Completed,2026-07-02,HR
BP-90537,EMP7041,Onboarding,Team introduction,Day 1,2026-07-06,Completed,2026-07-10,IT
BP-90538,EMP7041,Onboarding,Compliance training assigned,Day 7,2026-06-24,Completed,2026-06-27,IT
BP-90539,EMP7041,Onboarding,Policy handbook acknowledgement,Day 7,2026-05-30,Completed,2026-06-27,Payroll
BP-90540,EMP7041,Onboarding,First 1:1 scheduled,Day 7,2026-06-12,Completed,2026-07-12,Payroll
BP-90541,EMP7041,Onboarding,Role goals set,Day 30,2026-07-17,Completed,2026-07-14,Manager
BP-90542,EMP7041,Onboarding,Compliance Document signed,Day 30,2026-06-21,Completed,2026-07-11,Payroll
BP-90543,EMP7041,Onboarding,30-day check-in,Day 30,2026-07-26,Completed,2026-07-14,Payroll
BP-90544,EMP7041,Onboarding,Mid-probation review,Day 60,2026-06-11,Escalated,,HR
BP-90545,EMP7041,Onboarding,Probation decision,Day 90,2026-06-03,Completed,2026-07-13,Manager
BP-90546,EMP7041,Onboarding,90-day survey,Day 90,2026-07-25,Completed,2026-07-11,HR
BP-90547,EMP7042,Onboarding,Laptop issued,Day 1,2026-07-17,Escalated,,IT
BP-90548,EMP7042,Onboarding,Email + SSO access,Day 1,2026-06-11,Not Started,,IT
BP-90549,EMP7042,Onboarding,Building badge,Day 1,2026-06-06,Not Started,,Manager
BP-90550,EMP7042,Onboarding,Team introduction,Day 1,2026-06-24,Completed,2026-06-28,Manager
BP-90551,EMP7042,Onboarding,Compliance training assigned,Day 7,2026-07-05,Completed,2026-06-30,IT
BP-90552,EMP7042,Onboarding,Policy handbook acknowledgement,Day 7,2026-07-14,Completed,2026-06-25,Manager
BP-90553,EMP7042,Onboarding,First 1:1 scheduled,Day 7,2026-06-21,Completed,2026-07-01,Manager
BP-90554,EMP7042,Onboarding,Role goals set,Day 30,2026-06-10,Completed,2026-07-11,Manager
BP-90555,EMP7042,Onboarding,Compliance Document signed,Day 30,2026-07-04,Escalated,,Manager
BP-90556,EMP7042,Onboarding,30-day check-in,Day 30,2026-06-13,Completed,2026-07-01,Payroll
BP-90557,EMP7042,Onboarding,Mid-probation review,Day 60,2026-06-03,Completed,2026-07-10,Manager
BP-90558,EMP7042,Onboarding,Probation decision,Day 90,2026-05-20,Not Started,,HR
BP-90559,EMP7042,Onboarding,90-day survey,Day 90,2026-06-11,Completed,2026-07-04,IT
BP-90560,EMP7043,Onboarding,Laptop issued,Day 1,2026-07-08,In Progress,,HR
BP-90561,EMP7043,Onboarding,Email + SSO access,Day 1,2026-06-09,Escalated,,IT
BP-90562,EMP7043,Onboarding,Building badge,Day 1,2026-06-11,Completed,2026-07-04,HR
BP-90563,EMP7043,Onboarding,Team introduction,Day 1,2026-07-22,In Progress,,Manager
BP-90564,EMP7043,Onboarding,Compliance training assigned,Day 7,2026-07-16,Completed,2026-07-14,HR
BP-90565,EMP7043,Onboarding,Policy handbook acknowledgement,Day 7,2026-07-17,Not Started,,Manager
BP-90566,EMP7043,Onboarding,First 1:1 scheduled,Day 7,2026-07-29,In Progress,,IT
BP-90567,EMP7043,Onboarding,Role goals set,Day 30,2026-05-30,Completed,2026-07-14,IT
BP-90568,EMP7043,Onboarding,Compliance Document signed,Day 30,2026-07-17,Not Started,,Manager
BP-90569,EMP7043,Onboarding,30-day check-in,Day 30,2026-07-07,Not Started,,IT
BP-90570,EMP7043,Onboarding,Mid-probation review,Day 60,2026-06-08,Escalated,,IT
BP-90571,EMP7043,Onboarding,Probation decision,Day 90,2026-06-03,Not Started,,Payroll
BP-90572,EMP7043,Onboarding,90-day survey,Day 90,2026-06-10,Completed,2026-07-02,Payroll
BP-90573,EMP7044,Onboarding,Laptop issued,Day 1,2026-07-21,Completed,2026-07-13,Manager
BP-90574,EMP7044,Onboarding,Email + SSO access,Day 1,2026-06-13,Completed,2026-07-14,Payroll
BP-90575,EMP7044,Onboarding,Building badge,Day 1,2026-08-01,Completed,2026-06-27,Manager
BP-90576,EMP7044,Onboarding,Team introduction,Day 1,2026-07-26,Completed,2026-07-15,HR
BP-90577,EMP7044,Onboarding,Compliance training assigned,Day 7,2026-06-27,Not Started,,HR
BP-90578,EMP7044,Onboarding,Policy handbook acknowledgement,Day 7,2026-08-04,In Progress,,Manager
BP-90579,EMP7044,Onboarding,First 1:1 scheduled,Day 7,2026-06-23,Completed,2026-07-13,Payroll
BP-90580,EMP7044,Onboarding,Role goals set,Day 30,2026-07-31,Not Started,,Manager
BP-90581,EMP7044,Onboarding,Compliance Document signed,Day 30,2026-07-11,Completed,2026-07-02,HR
BP-90582,EMP7044,Onboarding,30-day check-in,Day 30,2026-06-18,Not Started,,Payroll
BP-90583,EMP7044,Onboarding,Mid-probation review,Day 60,2026-06-18,Completed,2026-07-10,IT
BP-90584,EMP7044,Onboarding,Probation decision,Day 90,2026-05-20,Escalated,,Payroll
BP-90585,EMP7044,Onboarding,90-day survey,Day 90,2026-07-21,Completed,2026-07-13,Payroll
BP-90586,EMP7045,Onboarding,Laptop issued,Day 1,2026-06-22,Completed,2026-07-07,HR
BP-90587,EMP7045,Onboarding,Email + SSO access,Day 1,2026-05-29,Completed,2026-07-04,IT
BP-90588,EMP7045,Onboarding,Building badge,Day 1,2026-07-02,Not Started,,HR
BP-90589,EMP7045,Onboarding,Team introduction,Day 1,2026-05-22,In Progress,,IT
BP-90590,EMP7045,Onboarding,Compliance training assigned,Day 7,2026-06-08,Not Started,,HR
BP-90591,EMP7045,Onboarding,Policy handbook acknowledgement,Day 7,2026-06-04,Escalated,,Manager
BP-90592,EMP7045,Onboarding,First 1:1 scheduled,Day 7,2026-06-13,Completed,2026-07-06,Manager
BP-90593,EMP7045,Onboarding,Role goals set,Day 30,2026-05-27,In Progress,,Manager
BP-90594,EMP7045,Onboarding,Compliance Document signed,Day 30,2026-06-26,In Progress,,Manager
BP-90595,EMP7045,Onboarding,30-day check-in,Day 30,2026-06-19,Completed,2026-06-29,IT
BP-90596,EMP7045,Onboarding,Mid-probation review,Day 60,2026-05-19,Completed,2026-07-01,Payroll
BP-90597,EMP7045,Onboarding,Probation decision,Day 90,2026-06-25,Not Started,,Payroll
BP-90598,EMP7045,Onboarding,90-day survey,Day 90,2026-05-29,In Progress,,Payroll
BP-90599,EMP7046,Onboarding,Laptop issued,Day 1,2026-07-31,Escalated,,IT
BP-90600,EMP7046,Onboarding,Email + SSO access,Day 1,2026-07-12,Completed,2026-06-27,HR
BP-90601,EMP7046,Onboarding,Building badge,Day 1,2026-07-05,In Progress,,IT
BP-90602,EMP7046,Onboarding,Team introduction,Day 1,2026-07-27,Completed,2026-06-27,Manager
BP-90603,EMP7046,Onboarding,Compliance training assigned,Day 7,2026-06-03,Completed,2026-06-29,IT
BP-90604,EMP7046,Onboarding,Policy handbook acknowledgement,Day 7,2026-06-05,Completed,2026-06-25,IT
BP-90605,EMP7046,Onboarding,First 1:1 scheduled,Day 7,2026-07-19,Completed,2026-07-03,Payroll
BP-90606,EMP7046,Onboarding,Role goals set,Day 30,2026-05-28,In Progress,,Manager
BP-90607,EMP7046,Onboarding,Compliance Document signed,Day 30,2026-07-24,In Progress,,Payroll
BP-90608,EMP7046,Onboarding,30-day check-in,Day 30,2026-06-01,Not Started,,IT
BP-90609,EMP7046,Onboarding,Mid-probation review,Day 60,2026-06-20,Completed,2026-07-06,HR
BP-90610,EMP7046,Onboarding,Probation decision,Day 90,2026-06-16,Escalated,,Manager
BP-90611,EMP7046,Onboarding,90-day survey,Day 90,2026-07-30,Not Started,,Manager
BP-90612,EMP7047,Onboarding,Laptop issued,Day 1,2026-05-28,Completed,2026-06-26,Manager
BP-90613,EMP7047,Onboarding,Email + SSO access,Day 1,2026-07-13,Completed,2026-06-26,IT
BP-90614,EMP7047,Onboarding,Building badge,Day 1,2026-06-10,Completed,2026-07-05,Manager
BP-90615,EMP7047,Onboarding,Team introduction,Day 1,2026-06-23,Escalated,,Manager
BP-90616,EMP7047,Onboarding,Compliance training assigned,Day 7,2026-06-06,Completed,2026-07-08,IT
BP-90617,EMP7047,Onboarding,Policy handbook acknowledgement,Day 7,2026-07-05,Not Started,,Payroll
BP-90618,EMP7047,Onboarding,First 1:1 scheduled,Day 7,2026-06-28,Completed,2026-07-03,IT
BP-90619,EMP7047,Onboarding,Role goals set,Day 30,2026-07-08,Completed,2026-07-05,Manager
BP-90620,EMP7047,Onboarding,Compliance Document signed,Day 30,2026-05-29,Completed,2026-07-14,Manager
BP-90621,EMP7047,Onboarding,30-day check-in,Day 30,2026-07-16,In Progress,,IT
BP-90622,EMP7047,Onboarding,Mid-probation review,Day 60,2026-07-22,Completed,2026-07-04,Payroll
BP-90623,EMP7047,Onboarding,Probation decision,Day 90,2026-08-04,Completed,2026-07-12,Payroll
BP-90624,EMP7047,Onboarding,90-day survey,Day 90,2026-06-19,Completed,2026-07-01,Manager
BP-90625,EMP7048,Onboarding,Laptop issued,Day 1,2026-05-27,Escalated,,Manager
BP-90626,EMP7048,Onboarding,Email + SSO access,Day 1,2026-07-31,Not Started,,Payroll
BP-90627,EMP7048,Onboarding,Building badge,Day 1,2026-06-06,In Progress,,IT
BP-90628,EMP7048,Onboarding,Team introduction,Day 1,2026-07-06,Completed,2026-07-14,Payroll
BP-90629,EMP7048,Onboarding,Compliance training assigned,Day 7,2026-05-29,Completed,2026-06-26,Manager
BP-90630,EMP7048,Onboarding,Policy handbook acknowledgement,Day 7,2026-05-23,In Progress,,IT
BP-90631,EMP7048,Onboarding,First 1:1 scheduled,Day 7,2026-07-04,Completed,2026-06-30,IT
BP-90632,EMP7048,Onboarding,Role goals set,Day 30,2026-07-30,Not Started,,Payroll
BP-90633,EMP7048,Onboarding,Compliance Document signed,Day 30,2026-06-30,Not Started,,Payroll
BP-90634,EMP7048,Onboarding,30-day check-in,Day 30,2026-05-16,Completed,2026-06-28,HR
BP-90635,EMP7048,Onboarding,Mid-probation review,Day 60,2026-06-05,Not Started,,Manager
BP-90636,EMP7048,Onboarding,Probation decision,Day 90,2026-06-22,In Progress,,Payroll
BP-90637,EMP7048,Onboarding,90-day survey,Day 90,2026-06-02,Completed,2026-07-14,IT
BP-90638,EMP7049,Onboarding,Laptop issued,Day 1,2026-05-26,Completed,2026-07-13,HR
BP-90639,EMP7049,Onboarding,Email + SSO access,Day 1,2026-06-21,In Progress,,Payroll
BP-90640,EMP7049,Onboarding,Building badge,Day 1,2026-06-23,Completed,2026-07-06,IT
BP-90641,EMP7049,Onboarding,Team introduction,Day 1,2026-05-24,Completed,2026-06-30,HR
BP-90642,EMP7049,Onboarding,Compliance training assigned,Day 7,2026-06-20,Completed,2026-07-13,Manager
BP-90643,EMP7049,Onboarding,Policy handbook acknowledgement,Day 7,2026-07-07,Completed,2026-07-03,IT
BP-90644,EMP7049,Onboarding,First 1:1 scheduled,Day 7,2026-07-15,Completed,2026-07-01,Payroll
BP-90645,EMP7049,Onboarding,Role goals set,Day 30,2026-06-05,Not Started,,Manager
BP-90646,EMP7049,Onboarding,Compliance Document signed,Day 30,2026-07-13,Completed,2026-07-11,HR
BP-90647,EMP7049,Onboarding,30-day check-in,Day 30,2026-07-17,Completed,2026-07-03,HR
BP-90648,EMP7049,Onboarding,Mid-probation review,Day 60,2026-07-20,Completed,2026-06-25,IT
BP-90649,EMP7049,Onboarding,Probation decision,Day 90,2026-05-18,Completed,2026-07-01,Manager
BP-90650,EMP7049,Onboarding,90-day survey,Day 90,2026-07-27,Escalated,,IT
BP-90651,EMP7050,Onboarding,Laptop issued,Day 1,2026-07-10,Completed,2026-06-29,Payroll
BP-90652,EMP7050,Onboarding,Email + SSO access,Day 1,2026-06-16,Completed,2026-07-02,IT
BP-90653,EMP7050,Onboarding,Building badge,Day 1,2026-08-04,Completed,2026-07-13,Manager
BP-90654,EMP7050,Onboarding,Team introduction,Day 1,2026-05-29,Not Started,,IT
BP-90655,EMP7050,Onboarding,Compliance training assigned,Day 7,2026-05-30,Completed,2026-06-27,Manager
BP-90656,EMP7050,Onboarding,Policy handbook acknowledgement,Day 7,2026-05-28,Completed,2026-07-06,HR
BP-90657,EMP7050,Onboarding,First 1:1 scheduled,Day 7,2026-07-14,Completed,2026-07-13,IT
BP-90658,EMP7050,Onboarding,Role goals set,Day 30,2026-07-03,Completed,2026-06-28,Manager
BP-90659,EMP7050,Onboarding,Compliance Document signed,Day 30,2026-07-21,In Progress,,Payroll
BP-90660,EMP7050,Onboarding,30-day check-in,Day 30,2026-06-07,Not Started,,IT
BP-90661,EMP7050,Onboarding,Mid-probation review,Day 60,2026-07-03,Completed,2026-07-11,HR
BP-90662,EMP7050,Onboarding,Probation decision,Day 90,2026-06-02,Completed,2026-07-11,IT
BP-90663,EMP7050,Onboarding,90-day survey,Day 90,2026-06-29,Completed,2026-07-13,Payroll
BP-90664,EMP7051,Onboarding,Laptop issued,Day 1,2026-05-20,In Progress,,Payroll
BP-90665,EMP7051,Onboarding,Email + SSO access,Day 1,2026-07-13,In Progress,,Payroll
BP-90666,EMP7051,Onboarding,Building badge,Day 1,2026-07-30,Completed,2026-06-29,Payroll
BP-90667,EMP7051,Onboarding,Team introduction,Day 1,2026-07-16,Completed,2026-06-28,HR
BP-90668,EMP7051,Onboarding,Compliance training assigned,Day 7,2026-05-20,Not Started,,Payroll
BP-90669,EMP7051,Onboarding,Policy handbook acknowledgement,Day 7,2026-06-29,Completed,2026-06-27,Payroll
BP-90670,EMP7051,Onboarding,First 1:1 scheduled,Day 7,2026-07-09,Completed,2026-06-26,Manager
BP-90671,EMP7051,Onboarding,Role goals set,Day 30,2026-06-19,Completed,2026-06-29,Manager
BP-90672,EMP7051,Onboarding,Compliance Document signed,Day 30,2026-06-18,Completed,2026-07-07,Payroll
BP-90673,EMP7051,Onboarding,30-day check-in,Day 30,2026-08-02,In Progress,,IT
BP-90674,EMP7051,Onboarding,Mid-probation review,Day 60,2026-07-17,Completed,2026-07-09,Payroll
BP-90675,EMP7051,Onboarding,Probation decision,Day 90,2026-07-21,Not Started,,Payroll
BP-90676,EMP7051,Onboarding,90-day survey,Day 90,2026-07-25,Completed,2026-06-27,Manager
BP-90677,EMP7052,Onboarding,Laptop issued,Day 1,2026-08-02,Completed,2026-07-12,IT
BP-90678,EMP7052,Onboarding,Email + SSO access,Day 1,2026-07-04,Completed,2026-07-01,Payroll
BP-90679,EMP7052,Onboarding,Building badge,Day 1,2026-07-03,In Progress,,Payroll
BP-90680,EMP7052,Onboarding,Team introduction,Day 1,2026-06-12,Completed,2026-07-03,HR
BP-90681,EMP7052,Onboarding,Compliance training assigned,Day 7,2026-05-31,Completed,2026-07-02,Payroll
BP-90682,EMP7052,Onboarding,Policy handbook acknowledgement,Day 7,2026-06-29,Completed,2026-06-28,Manager
BP-90683,EMP7052,Onboarding,First 1:1 scheduled,Day 7,2026-07-17,Completed,2026-06-30,HR
BP-90684,EMP7052,Onboarding,Role goals set,Day 30,2026-06-14,In Progress,,Payroll
BP-90685,EMP7052,Onboarding,Compliance Document signed,Day 30,2026-07-07,Escalated,,Manager
BP-90686,EMP7052,Onboarding,30-day check-in,Day 30,2026-07-16,Completed,2026-07-15,HR
BP-90687,EMP7052,Onboarding,Mid-probation review,Day 60,2026-06-20,In Progress,,HR
BP-90688,EMP7052,Onboarding,Probation decision,Day 90,2026-06-04,Completed,2026-07-06,IT
BP-90689,EMP7052,Onboarding,90-day survey,Day 90,2026-07-14,Completed,2026-06-27,Manager
BP-90690,EMP7053,Onboarding,Laptop issued,Day 1,2026-05-30,Completed,2026-07-08,HR
BP-90691,EMP7053,Onboarding,Email + SSO access,Day 1,2026-06-20,Completed,2026-07-08,Manager
BP-90692,EMP7053,Onboarding,Building badge,Day 1,2026-05-28,Not Started,,Payroll
BP-90693,EMP7053,Onboarding,Team introduction,Day 1,2026-07-04,Completed,2026-06-30,Manager
BP-90694,EMP7053,Onboarding,Compliance training assigned,Day 7,2026-06-20,Completed,2026-07-13,Manager
BP-90695,EMP7053,Onboarding,Policy handbook acknowledgement,Day 7,2026-05-24,Completed,2026-07-02,Manager
BP-90696,EMP7053,Onboarding,First 1:1 scheduled,Day 7,2026-05-26,Completed,2026-06-29,Payroll
BP-90697,EMP7053,Onboarding,Role goals set,Day 30,2026-07-28,In Progress,,Payroll
BP-90698,EMP7053,Onboarding,Compliance Document signed,Day 30,2026-07-10,Completed,2026-07-05,HR
BP-90699,EMP7053,Onboarding,30-day check-in,Day 30,2026-06-13,Escalated,,IT
BP-90700,EMP7053,Onboarding,Mid-probation review,Day 60,2026-07-09,Completed,2026-07-01,HR
BP-90701,EMP7053,Onboarding,Probation decision,Day 90,2026-07-13,Not Started,,Payroll
BP-90702,EMP7053,Onboarding,90-day survey,Day 90,2026-07-26,Escalated,,IT
BP-90703,EMP7054,Onboarding,Laptop issued,Day 1,2026-07-19,Completed,2026-06-26,Manager
BP-90704,EMP7054,Onboarding,Email + SSO access,Day 1,2026-06-16,Completed,2026-06-26,Payroll
BP-90705,EMP7054,Onboarding,Building badge,Day 1,2026-07-23,In Progress,,HR
BP-90706,EMP7054,Onboarding,Team introduction,Day 1,2026-07-06,Completed,2026-07-05,Payroll
BP-90707,EMP7054,Onboarding,Compliance training assigned,Day 7,2026-06-15,Completed,2026-06-30,Manager
BP-90708,EMP7054,Onboarding,Policy handbook acknowledgement,Day 7,2026-06-22,Completed,2026-07-11,Payroll
BP-90709,EMP7054,Onboarding,First 1:1 scheduled,Day 7,2026-07-15,Completed,2026-06-26,IT
BP-90710,EMP7054,Onboarding,Role goals set,Day 30,2026-05-26,In Progress,,HR
BP-90711,EMP7054,Onboarding,Compliance Document signed,Day 30,2026-08-04,Completed,2026-07-05,Payroll
BP-90712,EMP7054,Onboarding,30-day check-in,Day 30,2026-06-04,Completed,2026-06-28,Manager
BP-90713,EMP7054,Onboarding,Mid-probation review,Day 60,2026-07-06,Completed,2026-07-09,Payroll
BP-90714,EMP7054,Onboarding,Probation decision,Day 90,2026-08-03,In Progress,,HR
BP-90715,EMP7054,Onboarding,90-day survey,Day 90,2026-07-15,Completed,2026-07-02,Manager
BP-90716,EMP7055,Onboarding,Laptop issued,Day 1,2026-07-09,Completed,2026-06-30,IT
BP-90717,EMP7055,Onboarding,Email + SSO access,Day 1,2026-05-16,Completed,2026-07-05,Manager
BP-90718,EMP7055,Onboarding,Building badge,Day 1,2026-06-05,Not Started,,Manager
BP-90719,EMP7055,Onboarding,Team introduction,Day 1,2026-06-22,In Progress,,Manager
BP-90720,EMP7055,Onboarding,Compliance training assigned,Day 7,2026-06-04,Escalated,,IT
BP-90721,EMP7055,Onboarding,Policy handbook acknowledgement,Day 7,2026-07-07,Completed,2026-07-07,Payroll
BP-90722,EMP7055,Onboarding,First 1:1 scheduled,Day 7,2026-07-08,Completed,2026-07-11,Payroll
BP-90723,EMP7055,Onboarding,Role goals set,Day 30,2026-07-10,Not Started,,Payroll
BP-90724,EMP7055,Onboarding,Compliance Document signed,Day 30,2026-07-12,Completed,2026-07-03,HR
BP-90725,EMP7055,Onboarding,30-day check-in,Day 30,2026-06-01,In Progress,,Payroll
BP-90726,EMP7055,Onboarding,Mid-probation review,Day 60,2026-06-06,Completed,2026-07-14,HR
BP-90727,EMP7055,Onboarding,Probation decision,Day 90,2026-06-17,Completed,2026-07-09,Manager
BP-90728,EMP7055,Onboarding,90-day survey,Day 90,2026-07-11,In Progress,,Manager
BP-90729,EMP7056,Onboarding,Laptop issued,Day 1,2026-06-16,Completed,2026-06-29,Payroll
BP-90730,EMP7056,Onboarding,Email + SSO access,Day 1,2026-05-17,Completed,2026-06-27,HR
BP-90731,EMP7056,Onboarding,Building badge,Day 1,2026-06-09,Not Started,,Payroll
BP-90732,EMP7056,Onboarding,Team introduction,Day 1,2026-05-21,Not Started,,Manager
BP-90733,EMP7056,Onboarding,Compliance training assigned,Day 7,2026-05-19,Escalated,,IT
BP-90734,EMP7056,Onboarding,Policy handbook acknowledgement,Day 7,2026-07-02,Completed,2026-07-02,IT
BP-90735,EMP7056,Onboarding,First 1:1 scheduled,Day 7,2026-05-18,In Progress,,Payroll
BP-90736,EMP7056,Onboarding,Role goals set,Day 30,2026-07-18,Completed,2026-07-14,Payroll
BP-90737,EMP7056,Onboarding,Compliance Document signed,Day 30,2026-06-09,Completed,2026-07-07,Manager
BP-90738,EMP7056,Onboarding,30-day check-in,Day 30,2026-06-04,Escalated,,IT
BP-90739,EMP7056,Onboarding,Mid-probation review,Day 60,2026-08-02,In Progress,,IT
BP-90740,EMP7056,Onboarding,Probation decision,Day 90,2026-07-18,In Progress,,Payroll
BP-90741,EMP7056,Onboarding,90-day survey,Day 90,2026-07-19,In Progress,,IT
BP-90742,EMP7057,Onboarding,Laptop issued,Day 1,2026-06-14,Completed,2026-06-26,HR
BP-90743,EMP7057,Onboarding,Email + SSO access,Day 1,2026-08-02,Completed,2026-07-06,IT
BP-90744,EMP7057,Onboarding,Building badge,Day 1,2026-05-23,Completed,2026-06-30,Payroll
BP-90745,EMP7057,Onboarding,Team introduction,Day 1,2026-06-29,Completed,2026-07-08,IT
BP-90746,EMP7057,Onboarding,Compliance training assigned,Day 7,2026-06-13,Not Started,,IT
BP-90747,EMP7057,Onboarding,Policy handbook acknowledgement,Day 7,2026-05-21,Not Started,,HR
BP-90748,EMP7057,Onboarding,First 1:1 scheduled,Day 7,2026-07-03,Completed,2026-06-30,Payroll
BP-90749,EMP7057,Onboarding,Role goals set,Day 30,2026-06-15,Completed,2026-07-08,Manager
BP-90750,EMP7057,Onboarding,Compliance Document signed,Day 30,2026-06-07,Completed,2026-07-13,IT
BP-90751,EMP7057,Onboarding,30-day check-in,Day 30,2026-06-05,Escalated,,Payroll
BP-90752,EMP7057,Onboarding,Mid-probation review,Day 60,2026-06-16,Completed,2026-07-07,Payroll
BP-90753,EMP7057,Onboarding,Probation decision,Day 90,2026-06-25,Completed,2026-07-11,Payroll
BP-90754,EMP7057,Onboarding,90-day survey,Day 90,2026-07-17,In Progress,,IT
BP-90755,EMP7058,Onboarding,Laptop issued,Day 1,2026-06-21,In Progress,,IT
BP-90756,EMP7058,Onboarding,Email + SSO access,Day 1,2026-08-02,Completed,2026-07-07,HR
BP-90757,EMP7058,Onboarding,Building badge,Day 1,2026-06-28,Completed,2026-06-25,IT
BP-90758,EMP7058,Onboarding,Team introduction,Day 1,2026-05-25,Completed,2026-07-06,IT
BP-90759,EMP7058,Onboarding,Compliance training assigned,Day 7,2026-06-25,In Progress,,HR
BP-90760,EMP7058,Onboarding,Policy handbook acknowledgement,Day 7,2026-07-08,Completed,2026-07-15,Manager
BP-90761,EMP7058,Onboarding,First 1:1 scheduled,Day 7,2026-07-11,Not Started,,Manager
BP-90762,EMP7058,Onboarding,Role goals set,Day 30,2026-07-21,In Progress,,Payroll
BP-90763,EMP7058,Onboarding,Compliance Document signed,Day 30,2026-06-17,Completed,2026-07-12,Manager
BP-90764,EMP7058,Onboarding,30-day check-in,Day 30,2026-05-19,Not Started,,IT
BP-90765,EMP7058,Onboarding,Mid-probation review,Day 60,2026-07-18,Completed,2026-06-29,Manager
BP-90766,EMP7058,Onboarding,Probation decision,Day 90,2026-06-15,Completed,2026-06-30,HR
BP-90767,EMP7058,Onboarding,90-day survey,Day 90,2026-06-22,In Progress,,HR
BP-90768,EMP7059,Onboarding,Laptop issued,Day 1,2026-07-04,Completed,2026-07-14,HR
BP-90769,EMP7059,Onboarding,Email + SSO access,Day 1,2026-06-03,In Progress,,Payroll
BP-90770,EMP7059,Onboarding,Building badge,Day 1,2026-07-19,Completed,2026-06-30,HR
BP-90771,EMP7059,Onboarding,Team introduction,Day 1,2026-07-03,Completed,2026-07-15,Manager
BP-90772,EMP7059,Onboarding,Compliance training assigned,Day 7,2026-06-27,Not Started,,IT
BP-90773,EMP7059,Onboarding,Policy handbook acknowledgement,Day 7,2026-06-16,Completed,2026-07-08,Manager
BP-90774,EMP7059,Onboarding,First 1:1 scheduled,Day 7,2026-07-15,In Progress,,IT
BP-90775,EMP7059,Onboarding,Role goals set,Day 30,2026-07-28,Completed,2026-07-08,Manager
BP-90776,EMP7059,Onboarding,Compliance Document signed,Day 30,2026-07-09,Completed,2026-07-03,HR
BP-90777,EMP7059,Onboarding,30-day check-in,Day 30,2026-07-17,In Progress,,Manager
BP-90778,EMP7059,Onboarding,Mid-probation review,Day 60,2026-05-16,Completed,2026-06-26,Payroll
BP-90779,EMP7059,Onboarding,Probation decision,Day 90,2026-06-06,Completed,2026-06-25,HR
BP-90780,EMP7059,Onboarding,90-day survey,Day 90,2026-06-01,In Progress,,IT
BP-90781,EMP7060,Onboarding,Laptop issued,Day 1,2026-05-17,Completed,2026-05-15,IT
BP-90782,EMP7060,Onboarding,Email + SSO access,Day 1,2026-05-08,Escalated,,IT
BP-90783,EMP7060,Onboarding,Building badge,Day 1,2026-06-06,In Progress,,HR
BP-90784,EMP7060,Onboarding,Team introduction,Day 1,2026-05-11,Completed,2026-05-17,IT
BP-90785,EMP7060,Onboarding,Compliance training assigned,Day 7,2026-05-18,Completed,2026-05-18,IT
BP-90786,EMP7060,Onboarding,Policy handbook acknowledgement,Day 7,2026-06-11,In Progress,,HR
BP-90787,EMP7060,Onboarding,First 1:1 scheduled,Day 7,2026-05-21,Completed,2026-06-07,IT
BP-90788,EMP7060,Onboarding,Role goals set,Day 30,2026-06-08,In Progress,,Manager
BP-90789,EMP7060,Onboarding,Compliance Document signed,Day 30,2026-06-24,Completed,2026-07-09,Payroll
BP-90790,EMP7060,Onboarding,30-day check-in,Day 30,2026-06-29,Completed,2026-07-16,Manager
BP-90791,EMP7060,Onboarding,Mid-probation review,Day 60,2026-07-11,In Progress,,Payroll
BP-90792,EMP7060,Onboarding,Probation decision,Day 90,2026-08-24,Not Started,,IT
BP-90793,EMP7060,Onboarding,90-day survey,Day 90,2026-08-06,Not Started,,Manager
BP-90794,EMP7061,Onboarding,Laptop issued,Day 1,2026-05-09,Escalated,,Payroll
BP-90795,EMP7061,Onboarding,Email + SSO access,Day 1,2026-06-05,Escalated,,IT
BP-90796,EMP7061,Onboarding,Building badge,Day 1,2026-05-18,Completed,2026-05-23,Payroll
BP-90797,EMP7061,Onboarding,Team introduction,Day 1,2026-06-03,Escalated,,HR
BP-90798,EMP7061,Onboarding,Compliance training assigned,Day 7,2026-06-05,Not Started,,Payroll
BP-90799,EMP7061,Onboarding,Policy handbook acknowledgement,Day 7,02/06/2026,Escalated,,Manager
BP-90800,EMP7061,Onboarding,First 1:1 scheduled,Day 7,2026-05-14,Completed,2026-05-22,Payroll
BP-90801,EMP7061,Onboarding,Role goals set,Day 30,2026-06-15,In Progress,,HR
BP-90802,EMP7061,Onboarding,Compliance Document signed,Day 30,2026-06-15,In Progress,,HR
BP-90803,EMP7061,Onboarding,30-day check-in,Day 30,2026-06-09,Completed,2026-06-22,Manager
BP-90804,EMP7061,Onboarding,Mid-probation review,Day 60,2026-07-19,Escalated,,Payroll
BP-90805,EMP7061,Onboarding,Probation decision,Day 90,2026-08-11,Completed,2026-08-12,Manager
BP-90806,EMP7061,Onboarding,90-day survey,Day 90,2026-08-08,Completed,2026-08-10,Payroll
BP-90807,EMP7062,Onboarding,Laptop issued,Day 1,2026-05-23,In Progress,,Payroll
BP-90808,EMP7062,Onboarding,Email + SSO access,Day 1,2026-05-25,Completed,2026-05-25,Payroll
BP-90809,EMP7062,Onboarding,Building badge,Day 1,2026-05-20,In Progress,,Manager
BP-90810,EMP7062,Onboarding,Team introduction,Day 1,2026-06-01,Not Started,,HR
BP-90811,EMP7062,Onboarding,Compliance training assigned,Day 7,2026-06-07,Completed,2026-06-14,HR
BP-90812,EMP7062,Onboarding,Policy handbook acknowledgement,Day 7,2026-05-29,Completed,2026-06-10,HR
BP-90813,EMP7062,Onboarding,First 1:1 scheduled,Day 7,2026-05-31,In Progress,,HR
BP-90814,EMP7062,Onboarding,Role goals set,Day 30,2026-06-13,Completed,2026-06-13,Manager
BP-90815,EMP7062,Onboarding,Compliance Document signed,Day 30,2026-06-16,Not Started,,Payroll
BP-90816,EMP7062,Onboarding,30-day check-in,Day 30,2026-06-09,Not Started,,Manager
BP-90817,EMP7062,Onboarding,Mid-probation review,Day 60,2026-07-19,Completed,2026-07-22,HR
BP-90818,EMP7062,Onboarding,Probation decision,Day 90,2026-08-15,Completed,2026-08-26,Payroll
BP-90819,EMP7062,Onboarding,90-day survey,Day 90,2026-08-29,Completed,2026-08-26,IT
BP-90820,EMP7063,Onboarding,Laptop issued,Day 1,2026-05-26,Completed,2026-06-06,HR
BP-90821,EMP7063,Onboarding,Email + SSO access,Day 1,2026-05-21,Completed,2026-06-08,HR
BP-90822,EMP7063,Onboarding,Building badge,Day 1,2026-05-13,Not Started,,IT
BP-90823,EMP7063,Onboarding,Team introduction,Day 1,2026-05-11,Escalated,,Payroll
BP-90824,EMP7063,Onboarding,Compliance training assigned,Day 7,2026-05-16,Not Started,,Payroll
BP-90825,EMP7063,Onboarding,Policy handbook acknowledgement,Day 7,2026-05-20,In Progress,,HR
BP-90826,EMP7063,Onboarding,First 1:1 scheduled,Day 7,2026-06-09,Completed,2026-06-01,IT
BP-90827,EMP7063,Onboarding,Role goals set,Day 30,2026-06-27,Completed,2026-06-28,Manager
BP-90828,EMP7063,Onboarding,Compliance Document signed,Day 30,20/06/2026,Completed,2026-06-22,HR
BP-90829,EMP7063,Onboarding,30-day check-in,Day 30,2026-06-28,In Progress,,HR
BP-90830,EMP7063,Onboarding,Mid-probation review,Day 60,2026-07-11,In Progress,,IT
BP-90831,EMP7063,Onboarding,Probation decision,Day 90,2026-08-21,In Progress,,HR
BP-90832,EMP7063,Onboarding,90-day survey,Day 90,2026-08-26,Not Started,,Payroll
BP-90833,EMP7064,Onboarding,Laptop issued,Day 1,2026-05-19,In Progress,,Payroll
BP-90834,EMP7064,Onboarding,Email + SSO access,Day 1,2026-05-15,Completed,2026-05-08,IT
BP-90835,EMP7064,Onboarding,Building badge,Day 1,2026-05-13,Not Started,,IT
BP-90836,EMP7064,Onboarding,Team introduction,Day 1,2026-05-08,Completed,2026-05-20,Payroll
BP-90837,EMP7064,Onboarding,Compliance training assigned,Day 7,2026-05-15,Completed,2026-05-28,IT
BP-90838,EMP7064,Onboarding,Policy handbook acknowledgement,Day 7,2026-06-03,Not Started,,IT
BP-90839,EMP7064,Onboarding,First 1:1 scheduled,Day 7,2026-06-09,Completed,2026-06-01,IT
BP-90840,EMP7064,Onboarding,Role goals set,Day 30,2026-07-02,Not Started,,Manager
BP-90841,EMP7064,Onboarding,Compliance Document signed,Day 30,2026-06-12,Completed,2026-06-20,Payroll
BP-90842,EMP7064,Onboarding,30-day check-in,Day 30,2026-07-03,Completed,2026-07-10,Payroll
BP-90843,EMP7064,Onboarding,Mid-probation review,Day 60,2026-07-10,Completed,2026-07-18,Manager
BP-90844,EMP7064,Onboarding,Probation decision,Day 90,2026-08-21,Not Started,,Payroll
BP-90845,EMP7064,Onboarding,90-day survey,Day 90,2026-08-05,Completed,2026-08-13,IT
BP-90846,EMP7065,Onboarding,Laptop issued,Day 1,2026-05-18,In Progress,,Manager
BP-90847,EMP7065,Onboarding,Email + SSO access,Day 1,2026-05-31,Completed,2026-05-23,IT
BP-90848,EMP7065,Onboarding,Building badge,Day 1,2026-05-29,Completed,2026-06-01,IT
BP-90849,EMP7065,Onboarding,Team introduction,Day 1,2026-05-15,In Progress,,IT
BP-90850,EMP7065,Onboarding,Compliance training assigned,Day 7,2026-06-08,Completed,2026-06-20,IT
BP-90851,EMP7065,Onboarding,Policy handbook acknowledgement,Day 7,2026-06-11,Completed,2026-06-29,Payroll
BP-90852,EMP7065,Onboarding,First 1:1 scheduled,Day 7,2026-06-13,In Progress,,IT
BP-90853,EMP7065,Onboarding,Role goals set,Day 30,2026-06-13,Completed,2026-06-15,Manager
BP-90854,EMP7065,Onboarding,Compliance Document signed,Day 30,2026-06-27,Completed,2026-06-21,Manager
BP-90855,EMP7065,Onboarding,30-day check-in,Day 30,2026-06-22,Not Started,,HR
BP-90856,EMP7065,Onboarding,Mid-probation review,Day 60,2026-07-19,Completed,2026-07-29,HR
BP-90857,EMP7065,Onboarding,Probation decision,Day 90,18/08/2026,Completed,2026-08-29,IT
BP-90858,EMP7065,Onboarding,90-day survey,Day 90,2026-08-19,In Progress,,HR
BP-90859,EMP7066,Onboarding,Laptop issued,Day 1,2026-05-13,Not Started,,HR
BP-90860,EMP7066,Onboarding,Email + SSO access,Day 1,2026-05-25,In Progress,,HR
BP-90861,EMP7066,Onboarding,Building badge,Day 1,2026-06-03,Completed,2026-06-04,HR
BP-90862,EMP7066,Onboarding,Team introduction,Day 1,2026-05-20,Escalated,,HR
BP-90863,EMP7066,Onboarding,Compliance training assigned,Day 7,2026-06-02,In Progress,,HR
BP-90864,EMP7066,Onboarding,Policy handbook acknowledgement,Day 7,2026-05-23,Completed,2026-06-01,Payroll
BP-90865,EMP7066,Onboarding,First 1:1 scheduled,Day 7,2026-05-18,Completed,2026-06-05,HR
BP-90866,EMP7066,Onboarding,Role goals set,Day 30,2026-06-28,Completed,2026-07-14,IT
BP-90867,EMP7066,Onboarding,Compliance Document signed,Day 30,2026-07-03,Completed,2026-07-08,IT
BP-90868,EMP7066,Onboarding,30-day check-in,Day 30,2026-06-19,Escalated,,IT
BP-90869,EMP7066,Onboarding,Mid-probation review,Day 60,2026-07-09,Escalated,,HR
BP-90870,EMP7066,Onboarding,Probation decision,Day 90,2026-08-07,Completed,2026-08-04,Payroll
BP-90871,EMP7066,Onboarding,90-day survey,Day 90,2026-08-28,In Progress,,IT
BP-90872,EMP7067,Onboarding,Laptop issued,Day 1,2026-05-26,In Progress,,HR
BP-90873,EMP7067,Onboarding,Email + SSO access,Day 1,2026-05-26,Completed,2026-05-25,Payroll
BP-90874,EMP7067,Onboarding,Building badge,Day 1,2026-05-18,Completed,2026-06-01,Manager
BP-90875,EMP7067,Onboarding,Team introduction,Day 1,2026-05-11,In Progress,,Manager
BP-90876,EMP7067,Onboarding,Compliance training assigned,Day 7,2026-06-04,Not Started,,IT
BP-90877,EMP7067,Onboarding,Policy handbook acknowledgement,Day 7,2026-05-18,Completed,2026-05-25,Manager
BP-90878,EMP7067,Onboarding,First 1:1 scheduled,Day 7,2026-05-17,Completed,2026-05-15,HR
BP-90879,EMP7067,Onboarding,Role goals set,Day 30,2026-06-06,Completed,2026-06-22,Payroll
BP-90880,EMP7067,Onboarding,Compliance Document signed,Day 30,2026-07-04,Completed,2026-07-09,HR
BP-90881,EMP7067,Onboarding,30-day check-in,Day 30,2026-06-28,Not Started,,HR
BP-90882,EMP7067,Onboarding,Mid-probation review,Day 60,2026-07-29,Completed,2026-07-23,HR
BP-90883,EMP7067,Onboarding,Probation decision,Day 90,2026-09-02,Completed,2026-09-13,Manager
BP-90884,EMP7067,Onboarding,90-day survey,Day 90,2026-08-26,Completed,2026-09-01,HR
BP-90885,EMP7068,Onboarding,Laptop issued,Day 1,2026-05-20,Completed,2026-06-05,Payroll
BP-90886,EMP7068,Onboarding,Email + SSO access,Day 1,26/05/2026,Not Started,,Manager
BP-90887,EMP7068,Onboarding,Building badge,Day 1,2026-05-30,Completed,2026-06-03,Payroll
BP-90888,EMP7068,Onboarding,Team introduction,Day 1,2026-05-23,Completed,2026-05-29,Manager
BP-90889,EMP7068,Onboarding,Compliance training assigned,Day 7,2026-06-08,Completed,2026-06-07,Manager
BP-90890,EMP7068,Onboarding,Policy handbook acknowledgement,Day 7,2026-06-05,Completed,2026-06-14,Manager
BP-90891,EMP7068,Onboarding,First 1:1 scheduled,Day 7,2026-05-29,Escalated,,Payroll
BP-90892,EMP7068,Onboarding,Role goals set,Day 30,2026-06-11,Completed,2026-06-17,Manager
BP-90893,EMP7068,Onboarding,Compliance Document signed,Day 30,2026-07-03,Completed,2026-07-19,IT
BP-90894,EMP7068,Onboarding,30-day check-in,Day 30,2026-06-19,Completed,2026-06-24,IT
BP-90895,EMP7068,Onboarding,Mid-probation review,Day 60,2026-07-24,Completed,2026-08-07,HR
BP-90896,EMP7068,Onboarding,Probation decision,Day 90,2026-08-18,Not Started,,Manager
BP-90897,EMP7068,Onboarding,90-day survey,Day 90,2026-08-06,Not Started,,Payroll
BP-90898,EMP7069,Onboarding,Laptop issued,Day 1,2026-05-11,Escalated,,HR
BP-90899,EMP7069,Onboarding,Email + SSO access,Day 1,2026-05-18,Completed,2026-05-20,Manager
BP-90900,EMP7069,Onboarding,Building badge,Day 1,2026-05-06,Completed,2026-05-12,HR
BP-90901,EMP7069,Onboarding,Team introduction,Day 1,2026-06-03,Completed,2026-05-28,IT
BP-90902,EMP7069,Onboarding,Compliance training assigned,Day 7,2026-05-22,Not Started,,HR
BP-90903,EMP7069,Onboarding,Policy handbook acknowledgement,Day 7,2026-06-03,Not Started,,Payroll
BP-90904,EMP7069,Onboarding,First 1:1 scheduled,Day 7,2026-05-14,Completed,2026-05-28,Manager
BP-90905,EMP7069,Onboarding,Role goals set,Day 30,2026-06-24,Completed,2026-06-18,Manager
BP-90906,EMP7069,Onboarding,Compliance Document signed,Day 30,2026-06-27,In Progress,,HR
BP-90907,EMP7069,Onboarding,30-day check-in,Day 30,2026-06-16,In Progress,,Manager
BP-90908,EMP7069,Onboarding,Mid-probation review,Day 60,2026-07-05,Escalated,,HR
BP-90909,EMP7069,Onboarding,Probation decision,Day 90,2026-09-01,Completed,2026-09-11,HR
BP-90910,EMP7069,Onboarding,90-day survey,Day 90,2026-08-08,Completed,2026-08-05,Payroll
BP-90911,EMP7070,Onboarding,Laptop issued,Day 1,2026-05-19,Completed,2026-05-20,Manager
BP-90912,EMP7070,Onboarding,Email + SSO access,Day 1,2026-05-15,In Progress,,HR
BP-90913,EMP7070,Onboarding,Building badge,Day 1,2026-05-09,Completed,2026-05-07,Payroll
BP-90914,EMP7070,Onboarding,Team introduction,Day 1,2026-05-25,Escalated,,IT
BP-90915,EMP7070,Onboarding,Compliance training assigned,Day 7,12/05/2026,Completed,2026-05-19,Manager
BP-90916,EMP7070,Onboarding,Policy handbook acknowledgement,Day 7,2026-05-29,Completed,2026-06-09,Manager
BP-90917,EMP7070,Onboarding,First 1:1 scheduled,Day 7,2026-05-19,Completed,2026-05-29,Manager
BP-90918,EMP7070,Onboarding,Role goals set,Day 30,2026-06-18,Completed,2026-06-24,Payroll
BP-90919,EMP7070,Onboarding,Compliance Document signed,Day 30,2026-06-23,In Progress,,Payroll
BP-90920,EMP7070,Onboarding,30-day check-in,Day 30,2026-06-11,In Progress,,IT
BP-90921,EMP7070,Onboarding,Mid-probation review,Day 60,2026-07-23,In Progress,,HR
BP-90922,EMP7070,Onboarding,Probation decision,Day 90,2026-08-04,Completed,2026-07-31,Payroll
BP-90923,EMP7070,Onboarding,90-day survey,Day 90,2026-08-23,Completed,2026-08-16,HR
BP-90924,EMP7071,Onboarding,Laptop issued,Day 1,2026-06-03,Completed,2026-06-16,IT
BP-90925,EMP7071,Onboarding,Email + SSO access,Day 1,2026-05-17,Completed,2026-05-10,Payroll
BP-90926,EMP7071,Onboarding,Building badge,Day 1,2026-05-20,Completed,2026-05-17,IT
BP-90927,EMP7071,Onboarding,Team introduction,Day 1,2026-05-26,Not Started,,HR
BP-90928,EMP7071,Onboarding,Compliance training assigned,Day 7,2026-06-12,Completed,2026-06-27,IT
BP-90929,EMP7071,Onboarding,Policy handbook acknowledgement,Day 7,2026-06-11,Completed,2026-06-05,IT
BP-90930,EMP7071,Onboarding,First 1:1 scheduled,Day 7,2026-05-23,Completed,2026-05-27,Payroll
BP-90931,EMP7071,Onboarding,Role goals set,Day 30,2026-06-29,Completed,2026-07-17,Payroll
BP-90932,EMP7071,Onboarding,Compliance Document signed,Day 30,2026-06-14,Completed,2026-06-10,Payroll
BP-90933,EMP7071,Onboarding,30-day check-in,Day 30,2026-06-27,Completed,2026-06-29,Manager
BP-90934,EMP7071,Onboarding,Mid-probation review,Day 60,2026-07-21,Completed,2026-08-04,HR
BP-90935,EMP7071,Onboarding,Probation decision,Day 90,2026-08-23,Completed,2026-08-18,Payroll
BP-90936,EMP7071,Onboarding,90-day survey,Day 90,2026-08-19,Not Started,,IT
BP-90937,EMP7072,Onboarding,Laptop issued,Day 1,2026-07-01,In Progress,,IT
BP-90938,EMP7072,Onboarding,Email + SSO access,Day 1,2026-06-26,In Progress,,IT
BP-90939,EMP7072,Onboarding,Building badge,Day 1,2026-07-17,Completed,2026-07-28,Manager
BP-90940,EMP7072,Onboarding,Team introduction,Day 1,2026-07-04,Not Started,,Manager
BP-90941,EMP7072,Onboarding,Compliance training assigned,Day 7,2026-07-09,Completed,2026-07-20,HR
BP-90942,EMP7072,Onboarding,Policy handbook acknowledgement,Day 7,2026-07-16,Completed,2026-07-14,Payroll
BP-90943,EMP7072,Onboarding,First 1:1 scheduled,Day 7,2026-06-27,Completed,2026-07-03,Payroll
BP-90944,EMP7072,Onboarding,Role goals set,Day 30,09/08/2026,Completed,2026-08-26,Manager
BP-90945,EMP7072,Onboarding,Compliance Document signed,Day 30,2026-07-30,Completed,2026-08-01,IT
BP-90946,EMP7072,Onboarding,30-day check-in,Day 30,2026-08-03,Not Started,,HR
BP-90947,EMP7072,Onboarding,Mid-probation review,Day 60,2026-08-16,Not Started,,HR
BP-90948,EMP7072,Onboarding,Probation decision,Day 90,2026-10-07,Completed,2026-10-07,Payroll
BP-90949,EMP7072,Onboarding,90-day survey,Day 90,2026-09-24,Completed,2026-10-02,IT
BP-90950,EMP7073,Onboarding,Laptop issued,Day 1,2026-07-18,Completed,2026-07-13,IT
BP-90951,EMP7073,Onboarding,Email + SSO access,Day 1,2026-07-04,Completed,2026-07-19,Payroll
BP-90952,EMP7073,Onboarding,Building badge,Day 1,2026-07-20,Completed,2026-07-18,IT
BP-90953,EMP7073,Onboarding,Team introduction,Day 1,2026-07-20,Completed,2026-08-02,Manager
BP-90954,EMP7073,Onboarding,Compliance training assigned,Day 7,2026-07-29,Completed,2026-08-15,Payroll
BP-90955,EMP7073,Onboarding,Policy handbook acknowledgement,Day 7,2026-07-20,Completed,2026-07-27,HR
BP-90956,EMP7073,Onboarding,First 1:1 scheduled,Day 7,2026-07-20,Completed,2026-07-29,IT
BP-90957,EMP7073,Onboarding,Role goals set,Day 30,2026-08-06,Completed,2026-08-21,Payroll
BP-90958,EMP7073,Onboarding,Compliance Document signed,Day 30,2026-08-18,In Progress,,IT
BP-90959,EMP7073,Onboarding,30-day check-in,Day 30,2026-08-10,Not Started,,IT
BP-90960,EMP7073,Onboarding,Mid-probation review,Day 60,2026-09-08,In Progress,,Payroll
BP-90961,EMP7073,Onboarding,Probation decision,Day 90,2026-09-27,In Progress,,IT
BP-90962,EMP7073,Onboarding,90-day survey,Day 90,2026-10-16,Completed,2026-10-10,HR
BP-90963,EMP7074,Onboarding,Laptop issued,Day 1,2026-05-21,Completed,2026-05-23,Manager
BP-90964,EMP7074,Onboarding,Email + SSO access,Day 1,2026-06-02,In Progress,,HR
BP-90965,EMP7074,Onboarding,Building badge,Day 1,2026-05-31,In Progress,,Manager
BP-90966,EMP7074,Onboarding,Team introduction,Day 1,2026-05-18,In Progress,,Payroll
BP-90967,EMP7074,Onboarding,Compliance training assigned,Day 7,2026-06-15,Escalated,,IT
BP-90968,EMP7074,Onboarding,Policy handbook acknowledgement,Day 7,2026-06-10,Completed,2026-06-24,Payroll
BP-90969,EMP7074,Onboarding,First 1:1 scheduled,Day 7,2026-05-27,Completed,2026-05-21,Manager
BP-90970,EMP7074,Onboarding,Role goals set,Day 30,2026-07-09,Completed,2026-07-12,Manager
BP-90971,EMP7074,Onboarding,Compliance Document signed,Day 30,2026-07-07,Completed,2026-07-05,IT
BP-90972,EMP7074,Onboarding,30-day check-in,Day 30,2026-06-16,Completed,2026-06-19,Payroll
BP-90973,EMP7074,Onboarding,Mid-probation review,Day 60,04/08/2026,Completed,2026-07-29,Manager
BP-90974,EMP7074,Onboarding,Probation decision,Day 90,2026-08-26,Completed,2026-09-12,Manager
BP-90975,EMP7074,Onboarding,90-day survey,Day 90,2026-09-07,In Progress,,HR
BP-90976,EMP7075,Onboarding,Laptop issued,Day 1,2026-06-05,Completed,2026-06-12,IT
BP-90977,EMP7075,Onboarding,Email + SSO access,Day 1,2026-06-23,Completed,2026-06-19,Payroll
BP-90978,EMP7075,Onboarding,Building badge,Day 1,2026-06-25,In Progress,,HR
BP-90979,EMP7075,Onboarding,Team introduction,Day 1,2026-06-05,Not Started,,Payroll
BP-90980,EMP7075,Onboarding,Compliance training assigned,Day 7,2026-06-19,Completed,2026-07-03,Payroll
BP-90981,EMP7075,Onboarding,Policy handbook acknowledgement,Day 7,2026-06-05,Completed,2026-05-29,Payroll
BP-90982,EMP7075,Onboarding,First 1:1 scheduled,Day 7,2026-06-15,Completed,2026-06-08,Payroll
BP-90983,EMP7075,Onboarding,Role goals set,Day 30,2026-07-14,Escalated,,IT
BP-90984,EMP7075,Onboarding,Compliance Document signed,Day 30,2026-06-28,In Progress,,IT
BP-90985,EMP7075,Onboarding,30-day check-in,Day 30,2026-07-18,Completed,2026-07-20,HR
BP-90986,EMP7075,Onboarding,Mid-probation review,Day 60,2026-08-03,Completed,2026-08-03,IT
BP-90987,EMP7075,Onboarding,Probation decision,Day 90,2026-09-20,Completed,2026-10-03,Payroll
BP-90988,EMP7075,Onboarding,90-day survey,Day 90,2026-09-04,Completed,2026-09-01,IT
BP-90989,EMP7076,Onboarding,Laptop issued,Day 1,2026-05-16,Completed,2026-05-27,Payroll
BP-90990,EMP7076,Onboarding,Email + SSO access,Day 1,2026-05-19,In Progress,,IT
BP-90991,EMP7076,Onboarding,Building badge,Day 1,2026-05-30,Completed,2026-05-30,HR
BP-90992,EMP7076,Onboarding,Team introduction,Day 1,2026-06-12,Not Started,,IT
BP-90993,EMP7076,Onboarding,Compliance training assigned,Day 7,2026-06-06,Completed,2026-06-03,Payroll
BP-90994,EMP7076,Onboarding,Policy handbook acknowledgement,Day 7,2026-05-28,In Progress,,IT
BP-90995,EMP7076,Onboarding,First 1:1 scheduled,Day 7,2026-06-05,Completed,2026-05-29,HR
BP-90996,EMP7076,Onboarding,Role goals set,Day 30,2026-06-11,Completed,2026-06-24,Payroll
BP-90997,EMP7076,Onboarding,Compliance Document signed,Day 30,2026-06-14,Completed,2026-06-07,Payroll
BP-90998,EMP7076,Onboarding,30-day check-in,Day 30,2026-06-24,Completed,2026-06-21,Manager
BP-90999,EMP7076,Onboarding,Mid-probation review,Day 60,2026-07-30,Completed,2026-07-31,IT
BP-91000,EMP7076,Onboarding,Probation decision,Day 90,2026-09-05,Completed,2026-09-19,Payroll
BP-91001,EMP7076,Onboarding,90-day survey,Day 90,2026-09-08,Escalated,,Manager
BP-91002,EMP7077,Onboarding,Laptop issued,Day 1,13/08/2026,Completed,2026-08-07,Manager
BP-91003,EMP7077,Onboarding,Email + SSO access,Day 1,2026-07-29,Completed,2026-07-30,Manager
BP-91004,EMP7077,Onboarding,Building badge,Day 1,2026-08-10,Completed,2026-08-09,HR
BP-91005,EMP7077,Onboarding,Team introduction,Day 1,2026-08-22,In Progress,,IT
BP-91006,EMP7077,Onboarding,Compliance training assigned,Day 7,2026-08-30,Completed,2026-09-03,HR
BP-91007,EMP7077,Onboarding,Policy handbook acknowledgement,Day 7,2026-08-23,Not Started,,IT
BP-91008,EMP7077,Onboarding,First 1:1 scheduled,Day 7,2026-08-26,Completed,2026-09-01,Manager
BP-91009,EMP7077,Onboarding,Role goals set,Day 30,2026-08-24,Completed,2026-08-31,Payroll
BP-91010,EMP7077,Onboarding,Compliance Document signed,Day 30,2026-09-04,In Progress,,Manager
BP-91011,EMP7077,Onboarding,30-day check-in,Day 30,2026-09-20,Completed,2026-09-21,IT
BP-91012,EMP7077,Onboarding,Mid-probation review,Day 60,2026-10-12,In Progress,,HR
BP-91013,EMP7077,Onboarding,Probation decision,Day 90,2026-11-08,Completed,2026-11-12,Payroll
BP-91014,EMP7077,Onboarding,90-day survey,Day 90,2026-11-02,In Progress,,Payroll
BP-91015,EMP7078,Onboarding,Laptop issued,Day 1,2026-08-16,Completed,2026-08-25,Manager
BP-91016,EMP7078,Onboarding,Email + SSO access,Day 1,2026-08-03,In Progress,,Manager
BP-91017,EMP7078,Onboarding,Building badge,Day 1,2026-07-29,In Progress,,HR
BP-91018,EMP7078,Onboarding,Team introduction,Day 1,2026-08-08,Completed,2026-08-15,Manager
BP-91019,EMP7078,Onboarding,Compliance training assigned,Day 7,2026-07-30,Completed,2026-07-28,Manager
BP-91020,EMP7078,Onboarding,Policy handbook acknowledgement,Day 7,2026-08-22,Completed,2026-09-01,IT
BP-91021,EMP7078,Onboarding,First 1:1 scheduled,Day 7,2026-08-14,Not Started,,HR
BP-91022,EMP7078,Onboarding,Role goals set,Day 30,2026-08-25,Not Started,,Payroll
BP-91023,EMP7078,Onboarding,Compliance Document signed,Day 30,2026-09-12,Not Started,,Manager
BP-91024,EMP7078,Onboarding,30-day check-in,Day 30,2026-08-23,In Progress,,Manager
BP-91025,EMP7078,Onboarding,Mid-probation review,Day 60,2026-09-29,In Progress,,Payroll
BP-91026,EMP7078,Onboarding,Probation decision,Day 90,2026-11-14,Completed,2026-11-11,IT
BP-91027,EMP7078,Onboarding,90-day survey,Day 90,2026-11-18,Completed,2026-11-12,Payroll
BP-91028,EMP7079,Onboarding,Laptop issued,Day 1,2026-06-17,In Progress,,Manager
BP-91029,EMP7079,Onboarding,Email + SSO access,Day 1,2026-06-06,In Progress,,Payroll
BP-91030,EMP7079,Onboarding,Building badge,Day 1,2026-05-29,Completed,2026-06-16,HR
BP-91031,EMP7079,Onboarding,Team introduction,Day 1,24/06/2026,In Progress,,Payroll
BP-91032,EMP7079,Onboarding,Compliance training assigned,Day 7,2026-06-26,Completed,2026-07-09,HR
BP-91033,EMP7079,Onboarding,Policy handbook acknowledgement,Day 7,2026-06-16,In Progress,,IT
BP-91034,EMP7079,Onboarding,First 1:1 scheduled,Day 7,2026-06-14,In Progress,,Manager
BP-91035,EMP7079,Onboarding,Role goals set,Day 30,2026-07-01,Completed,2026-07-14,IT
BP-91036,EMP7079,Onboarding,Compliance Document signed,Day 30,2026-07-04,In Progress,,IT
BP-91037,EMP7079,Onboarding,30-day check-in,Day 30,2026-07-24,Completed,2026-08-07,IT
BP-91038,EMP7079,Onboarding,Mid-probation review,Day 60,2026-07-27,In Progress,,Payroll
BP-91039,EMP7079,Onboarding,Probation decision,Day 90,2026-09-12,In Progress,,Manager
BP-91040,EMP7079,Onboarding,90-day survey,Day 90,2026-09-20,Completed,2026-09-21,Payroll
BP-91041,EMP7080,Onboarding,Laptop issued,Day 1,2026-08-04,In Progress,,Payroll
BP-91042,EMP7080,Onboarding,Email + SSO access,Day 1,2026-07-24,Not Started,,IT
BP-91043,EMP7080,Onboarding,Building badge,Day 1,2026-07-27,Completed,2026-07-19,HR
BP-91044,EMP7080,Onboarding,Team introduction,Day 1,2026-08-06,Not Started,,Manager
BP-91045,EMP7080,Onboarding,Compliance training assigned,Day 7,2026-08-19,Completed,2026-09-02,Manager
BP-91046,EMP7080,Onboarding,Policy handbook acknowledgement,Day 7,2026-08-11,Completed,2026-08-16,HR
BP-91047,EMP7080,Onboarding,First 1:1 scheduled,Day 7,2026-08-20,Escalated,,HR
BP-91048,EMP7080,Onboarding,Role goals set,Day 30,2026-09-06,Completed,2026-09-04,Manager
BP-91049,EMP7080,Onboarding,Compliance Document signed,Day 30,2026-09-17,Escalated,,IT
BP-91050,EMP7080,Onboarding,30-day check-in,Day 30,2026-09-17,Completed,2026-09-13,IT
BP-91051,EMP7080,Onboarding,Mid-probation review,Day 60,2026-10-18,Escalated,,HR
BP-91052,EMP7080,Onboarding,Probation decision,Day 90,2026-10-25,Completed,2026-10-19,Payroll
BP-91053,EMP7080,Onboarding,90-day survey,Day 90,2026-10-25,Not Started,,Manager
BP-91054,EMP7081,Onboarding,Laptop issued,Day 1,2026-07-04,Completed,2026-06-30,Payroll
BP-91055,EMP7081,Onboarding,Email + SSO access,Day 1,2026-06-17,Not Started,,Manager
BP-91056,EMP7081,Onboarding,Building badge,Day 1,2026-07-10,Completed,2026-07-27,Manager
BP-91057,EMP7081,Onboarding,Team introduction,Day 1,2026-07-02,Completed,2026-07-08,Manager
BP-91058,EMP7081,Onboarding,Compliance training assigned,Day 7,2026-07-06,Completed,2026-07-10,IT
BP-91059,EMP7081,Onboarding,Policy handbook acknowledgement,Day 7,2026-06-26,Completed,2026-07-01,Payroll
BP-91060,EMP7081,Onboarding,First 1:1 scheduled,Day 7,07/07/2026,Escalated,,Manager
BP-91061,EMP7081,Onboarding,Role goals set,Day 30,2026-08-08,Not Started,,HR
BP-91062,EMP7081,Onboarding,Compliance Document signed,Day 30,2026-08-03,Escalated,,IT
BP-91063,EMP7081,Onboarding,30-day check-in,Day 30,2026-07-25,In Progress,,IT
BP-91064,EMP7081,Onboarding,Mid-probation review,Day 60,2026-08-12,Escalated,,Payroll
BP-91065,EMP7081,Onboarding,Probation decision,Day 90,2026-09-28,In Progress,,IT
BP-91066,EMP7081,Onboarding,90-day survey,Day 90,2026-09-13,In Progress,,Manager
BP-91067,EMP7082,Onboarding,Laptop issued,Day 1,2026-06-13,Not Started,,Payroll
BP-91068,EMP7082,Onboarding,Email + SSO access,Day 1,2026-05-18,Not Started,,IT
BP-91069,EMP7082,Onboarding,Building badge,Day 1,2026-05-28,In Progress,,Payroll
BP-91070,EMP7082,Onboarding,Team introduction,Day 1,2026-05-30,In Progress,,Payroll
BP-91071,EMP7082,Onboarding,Compliance training assigned,Day 7,2026-05-27,Completed,2026-06-08,Payroll
BP-91072,EMP7082,Onboarding,Policy handbook acknowledgement,Day 7,2026-06-10,Not Started,,IT
BP-91073,EMP7082,Onboarding,First 1:1 scheduled,Day 7,2026-06-08,Completed,2026-06-10,Payroll
BP-91074,EMP7082,Onboarding,Role goals set,Day 30,2026-06-27,Completed,2026-07-05,Manager
BP-91075,EMP7082,Onboarding,Compliance Document signed,Day 30,2026-06-30,Not Started,,IT
BP-91076,EMP7082,Onboarding,30-day check-in,Day 30,2026-06-25,Completed,2026-07-12,IT
BP-91077,EMP7082,Onboarding,Mid-probation review,Day 60,2026-07-21,Completed,2026-07-14,IT
BP-91078,EMP7082,Onboarding,Probation decision,Day 90,2026-09-03,In Progress,,IT
BP-91079,EMP7082,Onboarding,90-day survey,Day 90,2026-08-12,In Progress,,Manager
BP-91080,EMP7083,Onboarding,Laptop issued,Day 1,2026-08-12,Completed,2026-08-22,Payroll
BP-91081,EMP7083,Onboarding,Email + SSO access,Day 1,2026-08-15,Completed,2026-09-01,Payroll
BP-91082,EMP7083,Onboarding,Building badge,Day 1,2026-08-03,In Progress,,Payroll
BP-91083,EMP7083,Onboarding,Team introduction,Day 1,2026-07-29,In Progress,,Payroll
BP-91084,EMP7083,Onboarding,Compliance training assigned,Day 7,2026-08-27,Completed,2026-08-27,HR
BP-91085,EMP7083,Onboarding,Policy handbook acknowledgement,Day 7,2026-08-19,Completed,2026-08-19,IT
BP-91086,EMP7083,Onboarding,First 1:1 scheduled,Day 7,2026-07-31,Not Started,,Payroll
BP-91087,EMP7083,Onboarding,Role goals set,Day 30,2026-09-11,Completed,2026-09-21,HR
BP-91088,EMP7083,Onboarding,Compliance Document signed,Day 30,2026-09-13,Completed,2026-09-16,HR
BP-91089,EMP7083,Onboarding,30-day check-in,Day 30,31/08/2026,Not Started,,HR
BP-91090,EMP7083,Onboarding,Mid-probation review,Day 60,2026-10-07,Completed,2026-10-24,Payroll
BP-91091,EMP7083,Onboarding,Probation decision,Day 90,2026-11-01,Completed,2026-10-28,HR
BP-91092,EMP7083,Onboarding,90-day survey,Day 90,2026-11-17,In Progress,,Manager
BP-91093,EMP7084,Onboarding,Laptop issued,Day 1,2026-07-07,Completed,2026-07-06,Manager
BP-91094,EMP7084,Onboarding,Email + SSO access,Day 1,2026-07-06,Not Started,,HR
BP-91095,EMP7084,Onboarding,Building badge,Day 1,2026-06-19,In Progress,,IT
BP-91096,EMP7084,Onboarding,Team introduction,Day 1,2026-06-14,Not Started,,IT
BP-91097,EMP7084,Onboarding,Compliance training assigned,Day 7,2026-07-13,Completed,2026-07-06,HR
BP-91098,EMP7084,Onboarding,Policy handbook acknowledgement,Day 7,2026-07-03,Completed,2026-07-10,IT
BP-91099,EMP7084,Onboarding,First 1:1 scheduled,Day 7,2026-07-04,Escalated,,HR
BP-91100,EMP7084,Onboarding,Role goals set,Day 30,2026-07-24,Not Started,,Manager
BP-91101,EMP7084,Onboarding,Compliance Document signed,Day 30,2026-07-27,Completed,2026-07-23,Manager
BP-91102,EMP7084,Onboarding,30-day check-in,Day 30,2026-07-12,Completed,2026-07-29,Manager
BP-91103,EMP7084,Onboarding,Mid-probation review,Day 60,2026-08-23,Not Started,,IT
BP-91104,EMP7084,Onboarding,Probation decision,Day 90,2026-10-10,In Progress,,Payroll
BP-91105,EMP7084,Onboarding,90-day survey,Day 90,2026-09-13,In Progress,,IT
BP-91106,EMP7085,Onboarding,Laptop issued,Day 1,2026-07-14,Completed,2026-07-25,IT
BP-91107,EMP7085,Onboarding,Email + SSO access,Day 1,2026-06-24,Completed,2026-06-24,Payroll
BP-91108,EMP7085,Onboarding,Building badge,Day 1,2026-06-22,Not Started,,Manager
BP-91109,EMP7085,Onboarding,Team introduction,Day 1,2026-06-28,Escalated,,HR
BP-91110,EMP7085,Onboarding,Compliance training assigned,Day 7,2026-07-13,Not Started,,HR
BP-91111,EMP7085,Onboarding,Policy handbook acknowledgement,Day 7,2026-07-06,Completed,2026-07-19,HR
BP-91112,EMP7085,Onboarding,First 1:1 scheduled,Day 7,2026-06-30,In Progress,,Payroll
BP-91113,EMP7085,Onboarding,Role goals set,Day 30,2026-08-03,Completed,2026-08-21,Payroll
BP-91114,EMP7085,Onboarding,Compliance Document signed,Day 30,2026-07-13,Completed,2026-07-08,Payroll
BP-91115,EMP7085,Onboarding,30-day check-in,Day 30,2026-08-03,Completed,2026-08-06,HR
BP-91116,EMP7085,Onboarding,Mid-probation review,Day 60,2026-09-04,Completed,2026-09-04,HR
BP-91117,EMP7085,Onboarding,Probation decision,Day 90,2026-09-12,Completed,2026-09-23,Payroll
BP-91118,EMP7085,Onboarding,90-day survey,Day 90,12/09/2026,In Progress,,HR
BP-91119,EMP7086,Onboarding,Laptop issued,Day 1,2026-07-26,In Progress,,Payroll
BP-91120,EMP7086,Onboarding,Email + SSO access,Day 1,2026-07-18,Completed,2026-07-12,HR
BP-91121,EMP7086,Onboarding,Building badge,Day 1,2026-07-08,Not Started,,HR
BP-91122,EMP7086,Onboarding,Team introduction,Day 1,2026-07-24,Completed,2026-08-07,HR
BP-91123,EMP7086,Onboarding,Compliance training assigned,Day 7,2026-07-10,Completed,2026-07-16,Payroll
BP-91124,EMP7086,Onboarding,Policy handbook acknowledgement,Day 7,2026-07-22,Completed,2026-07-22,Manager
BP-91125,EMP7086,Onboarding,First 1:1 scheduled,Day 7,2026-07-24,Not Started,,IT
BP-91126,EMP7086,Onboarding,Role goals set,Day 30,2026-08-02,Completed,2026-08-18,Payroll
BP-91127,EMP7086,Onboarding,Compliance Document signed,Day 30,2026-08-02,Escalated,,Payroll
BP-91128,EMP7086,Onboarding,30-day check-in,Day 30,2026-08-06,Completed,2026-08-08,Payroll
BP-91129,EMP7086,Onboarding,Mid-probation review,Day 60,2026-09-01,Completed,2026-08-29,Manager
BP-91130,EMP7086,Onboarding,Probation decision,Day 90,2026-09-25,In Progress,,HR
BP-91131,EMP7086,Onboarding,90-day survey,Day 90,2026-10-12,Completed,2026-10-09,Manager
BP-91132,EMP7087,Onboarding,Laptop issued,Day 1,2026-06-30,Completed,2026-07-09,Manager
BP-91133,EMP7087,Onboarding,Email + SSO access,Day 1,2026-07-03,In Progress,,Payroll
BP-91134,EMP7087,Onboarding,Building badge,Day 1,2026-07-26,Completed,2026-08-09,IT
BP-91135,EMP7087,Onboarding,Team introduction,Day 1,2026-06-30,Completed,2026-06-24,Payroll
BP-91136,EMP7087,Onboarding,Compliance training assigned,Day 7,2026-07-21,Not Started,,IT
BP-91137,EMP7087,Onboarding,Policy handbook acknowledgement,Day 7,2026-07-27,Completed,2026-07-19,Manager
BP-91138,EMP7087,Onboarding,First 1:1 scheduled,Day 7,2026-07-07,Not Started,,Payroll
BP-91139,EMP7087,Onboarding,Role goals set,Day 30,2026-08-24,Completed,2026-09-06,Manager
BP-91140,EMP7087,Onboarding,Compliance Document signed,Day 30,2026-08-03,Completed,2026-08-17,IT
BP-91141,EMP7087,Onboarding,30-day check-in,Day 30,2026-08-23,Completed,2026-09-02,Payroll
BP-91142,EMP7087,Onboarding,Mid-probation review,Day 60,2026-09-10,Not Started,,Manager
BP-91143,EMP7087,Onboarding,Probation decision,Day 90,2026-10-09,Completed,2026-10-13,Payroll
BP-91144,EMP7087,Onboarding,90-day survey,Day 90,2026-10-11,Completed,2026-10-03,Manager
BP-91145,EMP7088,Onboarding,Laptop issued,Day 1,2026-07-26,Not Started,,Manager
BP-91146,EMP7088,Onboarding,Email + SSO access,Day 1,2026-06-29,In Progress,,IT
BP-91147,EMP7088,Onboarding,Building badge,Day 1,06/07/2026,Not Started,,IT
BP-91148,EMP7088,Onboarding,Team introduction,Day 1,2026-07-08,Completed,2026-07-20,Payroll
BP-91149,EMP7088,Onboarding,Compliance training assigned,Day 7,2026-07-13,In Progress,,IT
BP-91150,EMP7088,Onboarding,Policy handbook acknowledgement,Day 7,2026-07-04,Completed,2026-07-20,IT
BP-91151,EMP7088,Onboarding,First 1:1 scheduled,Day 7,2026-07-22,Completed,2026-07-19,Payroll
BP-91152,EMP7088,Onboarding,Role goals set,Day 30,2026-08-24,Completed,2026-09-06,HR
BP-91153,EMP7088,Onboarding,Compliance Document signed,Day 30,2026-08-03,Not Started,,Manager
BP-91154,EMP7088,Onboarding,30-day check-in,Day 30,2026-08-22,Completed,2026-09-03,IT
BP-91155,EMP7088,Onboarding,Mid-probation review,Day 60,2026-09-08,Completed,2026-09-20,Manager
BP-91156,EMP7088,Onboarding,Probation decision,Day 90,2026-10-16,Completed,2026-10-12,Payroll
BP-91157,EMP7088,Onboarding,90-day survey,Day 90,2026-09-29,Completed,2026-10-14,HR
BP-91158,EMP7089,Onboarding,Laptop issued,Day 1,2026-07-12,Completed,2026-07-06,IT
BP-91159,EMP7089,Onboarding,Email + SSO access,Day 1,2026-07-12,In Progress,,Manager
BP-91160,EMP7089,Onboarding,Building badge,Day 1,2026-07-27,Completed,2026-07-20,IT
BP-91161,EMP7089,Onboarding,Team introduction,Day 1,2026-06-28,Completed,2026-07-15,Payroll
BP-91162,EMP7089,Onboarding,Compliance training assigned,Day 7,2026-07-15,Completed,2026-07-13,Manager
BP-91163,EMP7089,Onboarding,Policy handbook acknowledgement,Day 7,2026-08-02,Not Started,,HR
BP-91164,EMP7089,Onboarding,First 1:1 scheduled,Day 7,2026-07-26,In Progress,,HR
BP-91165,EMP7089,Onboarding,Role goals set,Day 30,2026-08-24,Completed,2026-08-17,HR
BP-91166,EMP7089,Onboarding,Compliance Document signed,Day 30,2026-08-10,Not Started,,Payroll
BP-91167,EMP7089,Onboarding,30-day check-in,Day 30,2026-08-10,In Progress,,Payroll
BP-91168,EMP7089,Onboarding,Mid-probation review,Day 60,2026-09-01,Not Started,,HR
BP-91169,EMP7089,Onboarding,Probation decision,Day 90,2026-09-24,Completed,2026-10-06,Payroll
BP-91170,EMP7089,Onboarding,90-day survey,Day 90,2026-10-22,Completed,2026-11-09,Payroll
BP-91171,EMP7090,Onboarding,Laptop issued,Day 1,2026-06-27,In Progress,,HR
BP-91172,EMP7090,Onboarding,Email + SSO access,Day 1,2026-07-09,In Progress,,Payroll
BP-91173,EMP7090,Onboarding,Building badge,Day 1,2026-07-09,Completed,2026-07-04,Manager
BP-91174,EMP7090,Onboarding,Team introduction,Day 1,2026-07-02,In Progress,,HR
BP-91175,EMP7090,Onboarding,Compliance training assigned,Day 7,2026-06-21,Completed,2026-06-26,IT
BP-91176,EMP7090,Onboarding,Policy handbook acknowledgement,Day 7,14/07/2026,Not Started,,Manager
BP-91177,EMP7090,Onboarding,First 1:1 scheduled,Day 7,2026-06-29,Completed,2026-07-12,HR
BP-91178,EMP7090,Onboarding,Role goals set,Day 30,2026-07-22,Completed,2026-08-07,Payroll
BP-91179,EMP7090,Onboarding,Compliance Document signed,Day 30,2026-07-30,Completed,2026-08-01,Payroll
BP-91180,EMP7090,Onboarding,30-day check-in,Day 30,2026-07-15,Completed,2026-07-11,Manager
BP-91181,EMP7090,Onboarding,Mid-probation review,Day 60,2026-08-16,Not Started,,IT
BP-91182,EMP7090,Onboarding,Probation decision,Day 90,2026-09-27,Completed,2026-10-03,HR
BP-91183,EMP7090,Onboarding,90-day survey,Day 90,2026-10-09,In Progress,,Payroll
BP-91184,EMP7091,Onboarding,Laptop issued,Day 1,2026-07-27,Completed,2026-08-13,Manager
BP-91185,EMP7091,Onboarding,Email + SSO access,Day 1,2026-08-16,Completed,2026-08-08,Manager
BP-91186,EMP7091,Onboarding,Building badge,Day 1,2026-07-25,Completed,2026-07-17,HR
BP-91187,EMP7091,Onboarding,Team introduction,Day 1,2026-08-21,Completed,2026-09-04,IT
BP-91188,EMP7091,Onboarding,Compliance training assigned,Day 7,2026-08-11,Not Started,,Manager
BP-91189,EMP7091,Onboarding,Policy handbook acknowledgement,Day 7,2026-08-20,Completed,2026-08-18,HR
BP-91190,EMP7091,Onboarding,First 1:1 scheduled,Day 7,2026-08-18,Completed,2026-08-26,Manager
BP-91191,EMP7091,Onboarding,Role goals set,Day 30,2026-09-03,Completed,2026-08-31,Payroll
BP-91192,EMP7091,Onboarding,Compliance Document signed,Day 30,2026-09-09,Completed,2026-09-23,Manager
BP-91193,EMP7091,Onboarding,30-day check-in,Day 30,2026-09-09,Completed,2026-09-21,IT
BP-91194,EMP7091,Onboarding,Mid-probation review,Day 60,2026-10-01,Completed,2026-09-23,HR
BP-91195,EMP7091,Onboarding,Probation decision,Day 90,2026-10-26,Completed,2026-11-03,Payroll
BP-91196,EMP7091,Onboarding,90-day survey,Day 90,2026-11-08,Completed,2026-11-24,HR
BP-91197,EMP7092,Onboarding,Laptop issued,Day 1,2026-05-16,Escalated,,HR
BP-91198,EMP7092,Onboarding,Email + SSO access,Day 1,2026-05-10,Completed,2026-05-08,Payroll
BP-91199,EMP7092,Onboarding,Building badge,Day 1,2026-05-27,Completed,2026-06-09,Manager
BP-91200,EMP7092,Onboarding,Team introduction,Day 1,2026-05-17,Completed,2026-05-14,Payroll
BP-91201,EMP7092,Onboarding,Compliance training assigned,Day 7,2026-05-09,Not Started,,IT
BP-91202,EMP7092,Onboarding,Policy handbook acknowledgement,Day 7,2026-05-17,Completed,2026-05-22,IT
BP-91203,EMP7092,Onboarding,First 1:1 scheduled,Day 7,2026-05-18,In Progress,,Manager
BP-91204,EMP7092,Onboarding,Role goals set,Day 30,2026-06-01,Completed,2026-06-16,Payroll
BP-91205,EMP7092,Onboarding,Compliance Document signed,Day 30,29/06/2026,In Progress,,HR
BP-91206,EMP7092,Onboarding,30-day check-in,Day 30,2026-06-05,Completed,2026-06-12,Payroll
BP-91207,EMP7092,Onboarding,Mid-probation review,Day 60,2026-07-02,Completed,2026-07-17,Manager
BP-91208,EMP7092,Onboarding,Probation decision,Day 90,2026-08-17,In Progress,,IT
BP-91209,EMP7092,Onboarding,90-day survey,Day 90,2026-08-12,Completed,2026-08-27,IT
BP-91210,EMP7093,Onboarding,Laptop issued,Day 1,2026-04-26,Escalated,,Payroll
BP-91211,EMP7093,Onboarding,Email + SSO access,Day 1,2026-04-29,Completed,2026-04-24,HR
BP-91212,EMP7093,Onboarding,Building badge,Day 1,2026-05-12,Completed,2026-05-10,Manager
BP-91213,EMP7093,Onboarding,Team introduction,Day 1,2026-05-17,Completed,2026-05-11,Manager
BP-91214,EMP7093,Onboarding,Compliance training assigned,Day 7,2026-05-13,In Progress,,Payroll
BP-91215,EMP7093,Onboarding,Policy handbook acknowledgement,Day 7,2026-05-23,Completed,2026-05-19,HR
BP-91216,EMP7093,Onboarding,First 1:1 scheduled,Day 7,2026-05-24,In Progress,,Manager
BP-91217,EMP7093,Onboarding,Role goals set,Day 30,2026-05-23,Completed,2026-05-26,HR
BP-91218,EMP7093,Onboarding,Compliance Document signed,Day 30,2026-06-01,Not Started,,HR
BP-91219,EMP7093,Onboarding,30-day check-in,Day 30,2026-06-07,Completed,2026-06-07,HR
BP-91220,EMP7093,Onboarding,Mid-probation review,Day 60,2026-06-27,Completed,2026-06-20,Payroll
BP-91221,EMP7093,Onboarding,Probation decision,Day 90,2026-07-25,Completed,2026-07-20,Manager
BP-91222,EMP7093,Onboarding,90-day survey,Day 90,2026-07-31,Completed,2026-07-28,IT
BP-91223,EMP7094,Onboarding,Laptop issued,Day 1,2026-07-15,Completed,2026-07-26,HR
BP-91224,EMP7094,Onboarding,Email + SSO access,Day 1,2026-08-02,Not Started,,HR
BP-91225,EMP7094,Onboarding,Building badge,Day 1,2026-07-26,In Progress,,HR
BP-91226,EMP7094,Onboarding,Team introduction,Day 1,2026-07-10,Completed,2026-07-18,Manager
BP-91227,EMP7094,Onboarding,Compliance training assigned,Day 7,2026-08-10,Completed,2026-08-20,Manager
BP-91228,EMP7094,Onboarding,Policy handbook acknowledgement,Day 7,2026-08-09,Completed,2026-08-09,Payroll
BP-91229,EMP7094,Onboarding,First 1:1 scheduled,Day 7,2026-08-06,Completed,2026-08-21,HR
BP-91230,EMP7094,Onboarding,Role goals set,Day 30,2026-08-13,Completed,2026-08-18,HR
BP-91231,EMP7094,Onboarding,Compliance Document signed,Day 30,2026-09-03,In Progress,,HR
BP-91232,EMP7094,Onboarding,30-day check-in,Day 30,2026-09-04,In Progress,,Payroll
BP-91233,EMP7094,Onboarding,Mid-probation review,Day 60,2026-09-18,Completed,2026-09-11,Manager
BP-91234,EMP7094,Onboarding,Probation decision,Day 90,28/10/2026,Escalated,,Payroll
BP-91235,EMP7094,Onboarding,90-day survey,Day 90,2026-10-18,In Progress,,Manager
BP-91236,EMP7095,Onboarding,Laptop issued,Day 1,2026-05-16,Not Started,,Payroll
BP-91237,EMP7095,Onboarding,Email + SSO access,Day 1,2026-05-15,In Progress,,HR
BP-91238,EMP7095,Onboarding,Building badge,Day 1,2026-05-03,In Progress,,Payroll
BP-91239,EMP7095,Onboarding,Team introduction,Day 1,2026-05-23,Not Started,,Manager
BP-91240,EMP7095,Onboarding,Compliance training assigned,Day 7,2026-06-06,Completed,2026-06-02,IT
BP-91241,EMP7095,Onboarding,Policy handbook acknowledgement,Day 7,2026-05-16,Completed,2026-05-28,Payroll
BP-91242,EMP7095,Onboarding,First 1:1 scheduled,Day 7,2026-05-07,In Progress,,IT
BP-91243,EMP7095,Onboarding,Role goals set,Day 30,2026-06-04,Not Started,,Manager
BP-91244,EMP7095,Onboarding,Compliance Document signed,Day 30,2026-06-26,In Progress,,Payroll
BP-91245,EMP7095,Onboarding,30-day check-in,Day 30,2026-06-13,Completed,2026-06-29,HR
BP-91246,EMP7095,Onboarding,Mid-probation review,Day 60,2026-07-26,Not Started,,Manager
BP-91247,EMP7095,Onboarding,Probation decision,Day 90,2026-08-03,Completed,2026-08-15,Manager
BP-91248,EMP7095,Onboarding,90-day survey,Day 90,2026-08-20,Not Started,,Payroll
BP-91249,EMP7096,Onboarding,Laptop issued,Day 1,2026-06-12,In Progress,,Payroll
BP-91250,EMP7096,Onboarding,Email + SSO access,Day 1,2026-05-28,Not Started,,IT
BP-91251,EMP7096,Onboarding,Building badge,Day 1,2026-06-01,Completed,2026-06-02,Manager
BP-91252,EMP7096,Onboarding,Team introduction,Day 1,2026-06-09,Completed,2026-06-23,HR
BP-91253,EMP7096,Onboarding,Compliance training assigned,Day 7,2026-06-16,Not Started,,Payroll
BP-91254,EMP7096,Onboarding,Policy handbook acknowledgement,Day 7,2026-06-10,Completed,2026-06-25,Payroll
BP-91255,EMP7096,Onboarding,First 1:1 scheduled,Day 7,2026-06-07,Not Started,,IT
BP-91256,EMP7096,Onboarding,Role goals set,Day 30,2026-07-12,Completed,2026-07-07,Manager
BP-91257,EMP7096,Onboarding,Compliance Document signed,Day 30,2026-06-25,Completed,2026-07-06,Payroll
BP-91258,EMP7096,Onboarding,30-day check-in,Day 30,2026-06-25,Completed,2026-06-22,Payroll
BP-91259,EMP7096,Onboarding,Mid-probation review,Day 60,2026-07-31,Not Started,,HR
BP-91260,EMP7096,Onboarding,Probation decision,Day 90,2026-08-17,Completed,2026-08-16,Payroll
BP-91261,EMP7096,Onboarding,90-day survey,Day 90,2026-09-02,In Progress,,HR
BP-91262,EMP7097,Onboarding,Laptop issued,Day 1,2026-08-03,Escalated,,HR
BP-91263,EMP7097,Onboarding,Email + SSO access,Day 1,20/07/2026,Completed,2026-07-20,Manager
BP-91264,EMP7097,Onboarding,Building badge,Day 1,2026-07-18,Completed,2026-07-12,IT
BP-91265,EMP7097,Onboarding,Team introduction,Day 1,2026-07-21,Completed,2026-07-28,Payroll
BP-91266,EMP7097,Onboarding,Compliance training assigned,Day 7,2026-07-31,Not Started,,IT
BP-91267,EMP7097,Onboarding,Policy handbook acknowledgement,Day 7,2026-07-30,In Progress,,IT
BP-91268,EMP7097,Onboarding,First 1:1 scheduled,Day 7,2026-08-10,Not Started,,Payroll
BP-91269,EMP7097,Onboarding,Role goals set,Day 30,2026-08-14,Completed,2026-08-08,Payroll
BP-91270,EMP7097,Onboarding,Compliance Document signed,Day 30,2026-08-20,Completed,2026-08-21,Payroll
BP-91271,EMP7097,Onboarding,30-day check-in,Day 30,2026-08-11,Completed,2026-08-11,Payroll
BP-91272,EMP7097,Onboarding,Mid-probation review,Day 60,2026-09-29,Completed,2026-10-06,HR
BP-91273,EMP7097,Onboarding,Probation decision,Day 90,2026-11-03,Completed,2026-11-11,Payroll
BP-91274,EMP7097,Onboarding,90-day survey,Day 90,2026-10-16,Completed,2026-10-29,HR
BP-91275,EMP7098,Onboarding,Laptop issued,Day 1,2026-06-25,Completed,2026-06-30,Manager
BP-91276,EMP7098,Onboarding,Email + SSO access,Day 1,2026-07-03,Not Started,,Payroll
BP-91277,EMP7098,Onboarding,Building badge,Day 1,2026-06-19,Completed,2026-06-13,Payroll
BP-91278,EMP7098,Onboarding,Team introduction,Day 1,2026-07-07,Completed,2026-07-25,IT
BP-91279,EMP7098,Onboarding,Compliance training assigned,Day 7,2026-06-29,In Progress,,IT
BP-91280,EMP7098,Onboarding,Policy handbook acknowledgement,Day 7,2026-07-06,Not Started,,IT
BP-91281,EMP7098,Onboarding,First 1:1 scheduled,Day 7,2026-07-01,In Progress,,Manager
BP-91282,EMP7098,Onboarding,Role goals set,Day 30,2026-07-23,Completed,2026-08-02,HR
BP-91283,EMP7098,Onboarding,Compliance Document signed,Day 30,2026-08-06,Completed,2026-08-03,IT
BP-91284,EMP7098,Onboarding,30-day check-in,Day 30,2026-07-16,In Progress,,IT
BP-91285,EMP7098,Onboarding,Mid-probation review,Day 60,2026-08-17,Escalated,,Payroll
BP-91286,EMP7098,Onboarding,Probation decision,Day 90,2026-09-11,Completed,2026-09-12,Manager
BP-91287,EMP7098,Onboarding,90-day survey,Day 90,2026-10-07,Completed,2026-10-18,HR
BP-91288,EMP7099,Onboarding,Laptop issued,Day 1,2026-05-21,In Progress,,IT
BP-91289,EMP7099,Onboarding,Email + SSO access,Day 1,2026-05-04,Completed,2026-05-22,HR
BP-91290,EMP7099,Onboarding,Building badge,Day 1,2026-05-04,Completed,2026-04-29,Payroll
BP-91291,EMP7099,Onboarding,Team introduction,Day 1,2026-05-09,In Progress,,HR
BP-91292,EMP7099,Onboarding,Compliance training assigned,Day 7,19/05/2026,Completed,2026-05-22,HR
BP-91293,EMP7099,Onboarding,Policy handbook acknowledgement,Day 7,2026-05-11,In Progress,,Payroll
BP-91294,EMP7099,Onboarding,First 1:1 scheduled,Day 7,2026-05-26,Completed,2026-05-29,HR
BP-91295,EMP7099,Onboarding,Role goals set,Day 30,2026-06-08,Completed,2026-06-17,HR
BP-91296,EMP7099,Onboarding,Compliance Document signed,Day 30,2026-06-14,Completed,2026-06-09,Payroll
BP-91297,EMP7099,Onboarding,30-day check-in,Day 30,2026-06-09,In Progress,,HR
BP-91298,EMP7099,Onboarding,Mid-probation review,Day 60,2026-07-27,Completed,2026-07-29,HR
BP-91299,EMP7099,Onboarding,Probation decision,Day 90,2026-07-27,Not Started,,IT
BP-91300,EMP7099,Onboarding,90-day survey,Day 90,2026-08-16,Not Started,,IT
BP-91301,EMP7100,Onboarding,Laptop issued,Day 1,2026-05-18,Completed,2026-06-03,HR
BP-91302,EMP7100,Onboarding,Email + SSO access,Day 1,2026-05-28,In Progress,,Manager
BP-91303,EMP7100,Onboarding,Building badge,Day 1,2026-05-13,Not Started,,Payroll
BP-91304,EMP7100,Onboarding,Team introduction,Day 1,2026-05-26,In Progress,,Payroll
BP-91305,EMP7100,Onboarding,Compliance training assigned,Day 7,2026-05-13,Not Started,,Payroll
BP-91306,EMP7100,Onboarding,Policy handbook acknowledgement,Day 7,2026-05-18,Completed,2026-05-22,HR
BP-91307,EMP7100,Onboarding,First 1:1 scheduled,Day 7,2026-05-23,Completed,2026-05-17,IT
BP-91308,EMP7100,Onboarding,Role goals set,Day 30,2026-06-02,In Progress,,HR
BP-91309,EMP7100,Onboarding,Compliance Document signed,Day 30,2026-06-19,In Progress,,HR
BP-91310,EMP7100,Onboarding,30-day check-in,Day 30,2026-06-26,Escalated,,IT
BP-91311,EMP7100,Onboarding,Mid-probation review,Day 60,2026-07-07,Completed,2026-07-01,Manager
BP-91312,EMP7100,Onboarding,Probation decision,Day 90,2026-08-21,Not Started,,Payroll
BP-91313,EMP7100,Onboarding,90-day survey,Day 90,2026-08-16,Completed,2026-08-14,Manager
BP-91314,EMP7101,Onboarding,Laptop issued,Day 1,2026-04-27,In Progress,,Payroll
BP-91315,EMP7101,Onboarding,Email + SSO access,Day 1,2026-05-16,Not Started,,IT
BP-91316,EMP7101,Onboarding,Building badge,Day 1,2026-04-29,Completed,2026-05-13,Manager
BP-91317,EMP7101,Onboarding,Team introduction,Day 1,2026-04-28,Completed,2026-05-01,Payroll
BP-91318,EMP7101,Onboarding,Compliance training assigned,Day 7,2026-05-02,Completed,2026-05-05,IT
BP-91319,EMP7101,Onboarding,Policy handbook acknowledgement,Day 7,2026-05-07,In Progress,,Payroll
BP-91320,EMP7101,Onboarding,First 1:1 scheduled,Day 7,2026-04-29,Not Started,,Manager
BP-91321,EMP7101,Onboarding,Role goals set,Day 30,08/06/2026,Completed,2026-06-25,Manager
BP-91322,EMP7101,Onboarding,Compliance Document signed,Day 30,2026-05-25,Completed,2026-06-11,Manager
BP-91323,EMP7101,Onboarding,30-day check-in,Day 30,2026-06-08,Completed,2026-06-04,Payroll
BP-91324,EMP7101,Onboarding,Mid-probation review,Day 60,2026-06-19,Completed,2026-06-20,Manager
BP-91325,EMP7101,Onboarding,Probation decision,Day 90,2026-08-11,In Progress,,IT
BP-91326,EMP7101,Onboarding,90-day survey,Day 90,2026-07-17,In Progress,,Manager
BP-91327,EMP7102,Onboarding,Laptop issued,Day 1,2026-05-30,Completed,2026-06-04,IT
BP-91328,EMP7102,Onboarding,Email + SSO access,Day 1,2026-06-10,Completed,2026-06-19,Manager
BP-91329,EMP7102,Onboarding,Building badge,Day 1,2026-06-19,In Progress,,HR
BP-91330,EMP7102,Onboarding,Team introduction,Day 1,2026-06-03,Completed,2026-06-21,Manager
BP-91331,EMP7102,Onboarding,Compliance training assigned,Day 7,2026-06-12,In Progress,,Manager
BP-91332,EMP7102,Onboarding,Policy handbook acknowledgement,Day 7,2026-06-04,Completed,2026-06-22,IT
BP-91333,EMP7102,Onboarding,First 1:1 scheduled,Day 7,2026-06-18,In Progress,,Manager
BP-91334,EMP7102,Onboarding,Role goals set,Day 30,2026-07-03,Completed,2026-07-20,Payroll
BP-91335,EMP7102,Onboarding,Compliance Document signed,Day 30,2026-06-30,Completed,2026-07-01,Manager
BP-91336,EMP7102,Onboarding,30-day check-in,Day 30,2026-06-29,Not Started,,IT
BP-91337,EMP7102,Onboarding,Mid-probation review,Day 60,2026-08-08,Completed,2026-08-15,HR
BP-91338,EMP7102,Onboarding,Probation decision,Day 90,2026-08-25,Completed,2026-09-10,IT
BP-91339,EMP7102,Onboarding,90-day survey,Day 90,2026-09-09,Completed,2026-09-20,IT
BP-91340,EMP7103,Onboarding,Laptop issued,Day 1,2026-05-20,In Progress,,Manager
BP-91341,EMP7103,Onboarding,Email + SSO access,Day 1,2026-05-29,Completed,2026-06-10,Manager
BP-91342,EMP7103,Onboarding,Building badge,Day 1,2026-05-24,Completed,2026-05-27,Payroll
BP-91343,EMP7103,Onboarding,Team introduction,Day 1,2026-05-29,Completed,2026-05-26,Payroll
BP-91344,EMP7103,Onboarding,Compliance training assigned,Day 7,2026-05-12,Completed,2026-05-18,HR
BP-91345,EMP7103,Onboarding,Policy handbook acknowledgement,Day 7,2026-05-19,Completed,2026-05-12,IT
BP-91346,EMP7103,Onboarding,First 1:1 scheduled,Day 7,2026-05-19,Completed,2026-05-31,IT
BP-91347,EMP7103,Onboarding,Role goals set,Day 30,2026-06-01,Completed,2026-06-02,Payroll
BP-91348,EMP7103,Onboarding,Compliance Document signed,Day 30,2026-06-16,Completed,2026-07-02,HR
BP-91349,EMP7103,Onboarding,30-day check-in,Day 30,2026-06-24,Completed,2026-07-05,HR
BP-91350,EMP7103,Onboarding,Mid-probation review,Day 60,17/07/2026,Completed,2026-07-19,IT
BP-91351,EMP7103,Onboarding,Probation decision,Day 90,2026-08-07,Not Started,,IT
BP-91352,EMP7103,Onboarding,90-day survey,Day 90,2026-08-02,In Progress,,IT
BP-91353,EMP7104,Onboarding,Laptop issued,Day 1,2026-05-25,Completed,2026-05-17,HR
BP-91354,EMP7104,Onboarding,Email + SSO access,Day 1,2026-05-15,Completed,2026-05-18,Manager
BP-91355,EMP7104,Onboarding,Building badge,Day 1,2026-05-12,Completed,2026-05-09,Payroll
BP-91356,EMP7104,Onboarding,Team introduction,Day 1,2026-05-05,Completed,2026-05-13,HR
BP-91357,EMP7104,Onboarding,Compliance training assigned,Day 7,2026-05-31,Completed,2026-06-17,Payroll
BP-91358,EMP7104,Onboarding,Policy handbook acknowledgement,Day 7,2026-05-18,Completed,2026-05-12,Payroll
BP-91359,EMP7104,Onboarding,First 1:1 scheduled,Day 7,2026-05-31,Completed,2026-05-23,Manager
BP-91360,EMP7104,Onboarding,Role goals set,Day 30,2026-06-08,Completed,2026-06-22,IT
BP-91361,EMP7104,Onboarding,Compliance Document signed,Day 30,2026-06-01,Completed,2026-06-12,IT
BP-91362,EMP7104,Onboarding,30-day check-in,Day 30,2026-06-02,Not Started,,IT
BP-91363,EMP7104,Onboarding,Mid-probation review,Day 60,2026-06-27,Escalated,,Payroll
BP-91364,EMP7104,Onboarding,Probation decision,Day 90,2026-08-03,Completed,2026-08-17,HR
BP-91365,EMP7104,Onboarding,90-day survey,Day 90,2026-08-18,Completed,2026-08-19,HR
BP-91366,EMP7105,Onboarding,Laptop issued,Day 1,2026-07-16,Completed,2026-07-10,Manager
BP-91367,EMP7105,Onboarding,Email + SSO access,Day 1,2026-08-01,Escalated,,Payroll
BP-91368,EMP7105,Onboarding,Building badge,Day 1,2026-07-12,Completed,2026-07-28,Manager
BP-91369,EMP7105,Onboarding,Team introduction,Day 1,2026-08-03,Completed,2026-07-27,HR
BP-91370,EMP7105,Onboarding,Compliance training assigned,Day 7,2026-07-19,Completed,2026-08-05,Payroll
BP-91371,EMP7105,Onboarding,Policy handbook acknowledgement,Day 7,2026-07-31,Completed,2026-07-31,Payroll
BP-91372,EMP7105,Onboarding,First 1:1 scheduled,Day 7,2026-07-18,Completed,2026-07-31,Payroll
BP-91373,EMP7105,Onboarding,Role goals set,Day 30,2026-09-01,Completed,2026-09-18,Payroll
BP-91374,EMP7105,Onboarding,Compliance Document signed,Day 30,2026-09-06,In Progress,,HR
BP-91375,EMP7105,Onboarding,30-day check-in,Day 30,2026-08-26,Completed,2026-08-23,IT
BP-91376,EMP7105,Onboarding,Mid-probation review,Day 60,2026-09-07,Completed,2026-09-03,IT
BP-91377,EMP7105,Onboarding,Probation decision,Day 90,2026-11-06,In Progress,,IT
BP-91378,EMP7105,Onboarding,90-day survey,Day 90,2026-10-18,Completed,2026-10-26,HR
BP-91379,EMP7106,Onboarding,Laptop issued,Day 1,24/07/2026,In Progress,,Payroll
BP-91380,EMP7106,Onboarding,Email + SSO access,Day 1,2026-07-11,In Progress,,Payroll
BP-91381,EMP7106,Onboarding,Building badge,Day 1,2026-07-24,Completed,2026-08-07,HR
BP-91382,EMP7106,Onboarding,Team introduction,Day 1,2026-08-07,Completed,2026-08-04,Payroll
BP-91383,EMP7106,Onboarding,Compliance training assigned,Day 7,2026-08-06,Completed,2026-08-04,Manager
BP-91384,EMP7106,Onboarding,Policy handbook acknowledgement,Day 7,2026-07-25,Not Started,,HR
BP-91385,EMP7106,Onboarding,First 1:1 scheduled,Day 7,2026-07-28,Not Started,,Payroll
BP-91386,EMP7106,Onboarding,Role goals set,Day 30,2026-08-11,Completed,2026-08-15,Manager
BP-91387,EMP7106,Onboarding,Compliance Document signed,Day 30,2026-08-12,In Progress,,HR
BP-91388,EMP7106,Onboarding,30-day check-in,Day 30,2026-08-19,Completed,2026-09-04,IT
BP-91389,EMP7106,Onboarding,Mid-probation review,Day 60,2026-09-08,Completed,2026-09-03,HR
BP-91390,EMP7106,Onboarding,Probation decision,Day 90,2026-10-20,Escalated,,IT
BP-91391,EMP7106,Onboarding,90-day survey,Day 90,2026-10-27,Completed,2026-11-05,Payroll
BP-91392,EMP7107,Onboarding,Laptop issued,Day 1,2026-05-04,Completed,2026-05-11,Payroll
BP-91393,EMP7107,Onboarding,Email + SSO access,Day 1,2026-05-14,Completed,2026-05-20,IT
BP-91394,EMP7107,Onboarding,Building badge,Day 1,2026-05-23,Completed,2026-05-22,Manager
BP-91395,EMP7107,Onboarding,Team introduction,Day 1,2026-05-11,Completed,2026-05-09,Payroll
BP-91396,EMP7107,Onboarding,Compliance training assigned,Day 7,2026-06-05,Completed,2026-06-18,IT
BP-91397,EMP7107,Onboarding,Policy handbook acknowledgement,Day 7,2026-05-13,Completed,2026-05-26,Manager
BP-91398,EMP7107,Onboarding,First 1:1 scheduled,Day 7,2026-05-29,Completed,2026-06-02,Manager
BP-91399,EMP7107,Onboarding,Role goals set,Day 30,2026-06-16,Not Started,,Payroll
BP-91400,EMP7107,Onboarding,Compliance Document signed,Day 30,2026-06-03,Completed,2026-06-07,Manager
BP-91401,EMP7107,Onboarding,30-day check-in,Day 30,2026-06-22,In Progress,,Payroll
BP-91402,EMP7107,Onboarding,Mid-probation review,Day 60,2026-07-23,Completed,2026-07-17,IT
BP-91403,EMP7107,Onboarding,Probation decision,Day 90,2026-08-05,Completed,2026-08-03,Manager
BP-91404,EMP7107,Onboarding,90-day survey,Day 90,2026-08-02,Completed,2026-08-20,Manager
BP-91405,EMP7108,Onboarding,Laptop issued,Day 1,2026-08-14,In Progress,,IT
BP-91406,EMP7108,Onboarding,Email + SSO access,Day 1,2026-08-15,Not Started,,IT
BP-91407,EMP7108,Onboarding,Building badge,Day 1,2026-08-15,Not Started,,Manager
BP-91408,EMP7108,Onboarding,Team introduction,Day 1,02/08/2026,Completed,2026-08-15,Manager
BP-91409,EMP7108,Onboarding,Compliance training assigned,Day 7,2026-08-12,In Progress,,IT
BP-91410,EMP7108,Onboarding,Policy handbook acknowledgement,Day 7,2026-08-01,Escalated,,Manager
BP-91411,EMP7108,Onboarding,First 1:1 scheduled,Day 7,2026-07-31,Completed,2026-07-31,Manager
BP-91412,EMP7108,Onboarding,Role goals set,Day 30,2026-09-04,Completed,2026-09-16,HR
BP-91413,EMP7108,Onboarding,Compliance Document signed,Day 30,2026-08-20,Completed,2026-09-04,Payroll
BP-91414,EMP7108,Onboarding,30-day check-in,Day 30,2026-09-15,Completed,2026-09-22,Payroll
BP-91415,EMP7108,Onboarding,Mid-probation review,Day 60,2026-09-24,Completed,2026-10-05,IT
BP-91416,EMP7108,Onboarding,Probation decision,Day 90,2026-10-23,Completed,2026-11-03,Payroll
BP-91417,EMP7108,Onboarding,90-day survey,Day 90,2026-11-12,Completed,2026-11-25,Manager
BP-91418,EMP7109,Onboarding,Laptop issued,Day 1,2026-06-08,Completed,2026-06-06,IT
BP-91419,EMP7109,Onboarding,Email + SSO access,Day 1,2026-06-04,In Progress,,Manager
BP-91420,EMP7109,Onboarding,Building badge,Day 1,2026-05-30,Completed,2026-06-08,IT
BP-91421,EMP7109,Onboarding,Team introduction,Day 1,2026-06-08,In Progress,,Payroll
BP-91422,EMP7109,Onboarding,Compliance training assigned,Day 7,2026-06-19,Escalated,,Payroll
BP-91423,EMP7109,Onboarding,Policy handbook acknowledgement,Day 7,2026-06-02,Completed,2026-06-06,Manager
BP-91424,EMP7109,Onboarding,First 1:1 scheduled,Day 7,2026-05-30,Completed,2026-06-05,Manager
BP-91425,EMP7109,Onboarding,Role goals set,Day 30,2026-06-13,Completed,2026-06-10,IT
BP-91426,EMP7109,Onboarding,Compliance Document signed,Day 30,2026-07-10,Not Started,,HR
BP-91427,EMP7109,Onboarding,30-day check-in,Day 30,2026-06-27,Completed,2026-06-23,IT
BP-91428,EMP7109,Onboarding,Mid-probation review,Day 60,2026-08-03,Completed,2026-08-10,Payroll
BP-91429,EMP7109,Onboarding,Probation decision,Day 90,2026-08-29,Not Started,,Manager
BP-91430,EMP7109,Onboarding,90-day survey,Day 90,2026-09-01,In Progress,,Manager
BP-91431,EMP7110,Onboarding,Laptop issued,Day 1,2026-07-26,In Progress,,HR
BP-91432,EMP7110,Onboarding,Email + SSO access,Day 1,2026-07-27,Completed,2026-07-31,IT
BP-91433,EMP7110,Onboarding,Building badge,Day 1,2026-07-26,In Progress,,Manager
BP-91434,EMP7110,Onboarding,Team introduction,Day 1,2026-07-30,Not Started,,IT
BP-91435,EMP7110,Onboarding,Compliance training assigned,Day 7,2026-08-10,Completed,2026-08-12,Payroll
BP-91436,EMP7110,Onboarding,Policy handbook acknowledgement,Day 7,2026-07-17,In Progress,,Payroll
BP-91437,EMP7110,Onboarding,First 1:1 scheduled,Day 7,21/07/2026,Completed,2026-07-24,Payroll
BP-91438,EMP7110,Onboarding,Role goals set,Day 30,2026-09-02,In Progress,,IT
BP-91439,EMP7110,Onboarding,Compliance Document signed,Day 30,2026-08-21,Completed,2026-08-26,IT
BP-91440,EMP7110,Onboarding,30-day check-in,Day 30,2026-08-20,Completed,2026-08-23,Payroll
BP-91441,EMP7110,Onboarding,Mid-probation review,Day 60,2026-09-29,Completed,2026-09-28,HR
BP-91442,EMP7110,Onboarding,Probation decision,Day 90,2026-10-28,Completed,2026-11-07,Payroll
BP-91443,EMP7110,Onboarding,90-day survey,Day 90,2026-11-06,Not Started,,Payroll
BP-91444,EMP7111,Onboarding,Laptop issued,Day 1,2026-06-25,Completed,2026-06-20,IT
BP-91445,EMP7111,Onboarding,Email + SSO access,Day 1,2026-06-03,Completed,2026-06-12,IT
BP-91446,EMP7111,Onboarding,Building badge,Day 1,2026-05-30,Completed,2026-06-12,Manager
BP-91447,EMP7111,Onboarding,Team introduction,Day 1,2026-06-16,In Progress,,Manager
BP-91448,EMP7111,Onboarding,Compliance training assigned,Day 7,2026-06-12,Completed,2026-06-26,Manager
BP-91449,EMP7111,Onboarding,Policy handbook acknowledgement,Day 7,2026-06-22,Completed,2026-06-24,Manager
BP-91450,EMP7111,Onboarding,First 1:1 scheduled,Day 7,2026-06-22,Completed,2026-06-24,Payroll
BP-91451,EMP7111,Onboarding,Role goals set,Day 30,2026-07-22,In Progress,,Payroll
BP-91452,EMP7111,Onboarding,Compliance Document signed,Day 30,2026-07-19,Not Started,,HR
BP-91453,EMP7111,Onboarding,30-day check-in,Day 30,2026-07-07,In Progress,,IT
BP-91454,EMP7111,Onboarding,Mid-probation review,Day 60,2026-08-01,In Progress,,IT
BP-91455,EMP7111,Onboarding,Probation decision,Day 90,2026-09-06,Completed,2026-09-04,Manager
BP-91456,EMP7111,Onboarding,90-day survey,Day 90,2026-09-15,Completed,2026-10-03,HR
BP-91457,EMP7112,Onboarding,Laptop issued,Day 1,2026-07-07,Completed,2026-06-30,IT
BP-91458,EMP7112,Onboarding,Email + SSO access,Day 1,2026-07-16,Completed,2026-08-02,HR
BP-91459,EMP7112,Onboarding,Building badge,Day 1,2026-07-17,Escalated,,Payroll
BP-91460,EMP7112,Onboarding,Team introduction,Day 1,2026-07-20,In Progress,,Payroll
BP-91461,EMP7112,Onboarding,Compliance training assigned,Day 7,2026-07-22,Completed,2026-07-22,Payroll
BP-91462,EMP7112,Onboarding,Policy handbook acknowledgement,Day 7,2026-07-22,In Progress,,Manager
BP-91463,EMP7112,Onboarding,First 1:1 scheduled,Day 7,2026-07-17,Completed,2026-07-20,Payroll
BP-91464,EMP7112,Onboarding,Role goals set,Day 30,2026-08-16,Completed,2026-08-24,IT
BP-91465,EMP7112,Onboarding,Compliance Document signed,Day 30,2026-08-09,Not Started,,IT
BP-91466,EMP7112,Onboarding,30-day check-in,Day 30,02/08/2026,Completed,2026-08-06,IT
BP-91467,EMP7112,Onboarding,Mid-probation review,Day 60,2026-09-14,In Progress,,Manager
BP-91468,EMP7112,Onboarding,Probation decision,Day 90,2026-10-16,Escalated,,HR
BP-91469,EMP7112,Onboarding,90-day survey,Day 90,2026-10-23,Completed,2026-11-04,HR
BP-91470,EMP7113,Onboarding,Laptop issued,Day 1,2026-07-13,In Progress,,HR
BP-91471,EMP7113,Onboarding,Email + SSO access,Day 1,2026-07-16,Escalated,,Manager
BP-91472,EMP7113,Onboarding,Building badge,Day 1,2026-07-03,Not Started,,Manager
BP-91473,EMP7113,Onboarding,Team introduction,Day 1,2026-07-24,In Progress,,Payroll
BP-91474,EMP7113,Onboarding,Compliance training assigned,Day 7,2026-07-17,Completed,2026-07-20,Manager
BP-91475,EMP7113,Onboarding,Policy handbook acknowledgement,Day 7,2026-07-05,Completed,2026-07-01,IT
BP-91476,EMP7113,Onboarding,First 1:1 scheduled,Day 7,2026-07-28,Completed,2026-08-02,IT
BP-91477,EMP7113,Onboarding,Role goals set,Day 30,2026-08-20,Completed,2026-09-01,HR
BP-91478,EMP7113,Onboarding,Compliance Document signed,Day 30,2026-08-20,Completed,2026-08-20,IT
BP-91479,EMP7113,Onboarding,30-day check-in,Day 30,2026-08-13,Completed,2026-08-13,HR
BP-91480,EMP7113,Onboarding,Mid-probation review,Day 60,2026-09-04,Completed,2026-08-30,HR
BP-91481,EMP7113,Onboarding,Probation decision,Day 90,2026-09-28,Completed,2026-09-27,IT
BP-91482,EMP7113,Onboarding,90-day survey,Day 90,2026-10-06,In Progress,,Manager
BP-91483,EMP7114,Onboarding,Laptop issued,Day 1,2026-07-11,Not Started,,Payroll
BP-91484,EMP7114,Onboarding,Email + SSO access,Day 1,2026-07-04,Completed,2026-07-04,HR
BP-91485,EMP7114,Onboarding,Building badge,Day 1,2026-06-28,Completed,2026-07-15,IT
BP-91486,EMP7114,Onboarding,Team introduction,Day 1,2026-07-19,In Progress,,HR
BP-91487,EMP7114,Onboarding,Compliance training assigned,Day 7,2026-07-24,Completed,2026-08-08,Manager
BP-91488,EMP7114,Onboarding,Policy handbook acknowledgement,Day 7,2026-07-29,Completed,2026-07-22,Payroll
BP-91489,EMP7114,Onboarding,First 1:1 scheduled,Day 7,2026-07-14,In Progress,,IT
BP-91490,EMP7114,Onboarding,Role goals set,Day 30,2026-08-23,Completed,2026-08-28,IT
BP-91491,EMP7114,Onboarding,Compliance Document signed,Day 30,2026-08-17,Not Started,,Payroll
BP-91492,EMP7114,Onboarding,30-day check-in,Day 30,2026-08-08,Not Started,,HR
BP-91493,EMP7114,Onboarding,Mid-probation review,Day 60,2026-09-02,Completed,2026-09-12,Payroll
BP-91494,EMP7114,Onboarding,Probation decision,Day 90,2026-10-11,Not Started,,IT
BP-91495,EMP7114,Onboarding,90-day survey,Day 90,10/10/2026,Completed,2026-10-09,Payroll
BP-91496,EMP7115,Onboarding,Laptop issued,Day 1,2026-08-01,Completed,2026-08-03,Manager
BP-91497,EMP7115,Onboarding,Email + SSO access,Day 1,2026-08-02,Escalated,,HR
BP-91498,EMP7115,Onboarding,Building badge,Day 1,2026-08-06,Completed,2026-08-04,HR
BP-91499,EMP7115,Onboarding,Team introduction,Day 1,2026-07-11,Completed,2026-07-09,IT
BP-91500,EMP7115,Onboarding,Compliance training assigned,Day 7,2026-07-28,Completed,2026-07-28,Payroll
BP-91501,EMP7115,Onboarding,Policy handbook acknowledgement,Day 7,2026-07-29,In Progress,,IT
BP-91502,EMP7115,Onboarding,First 1:1 scheduled,Day 7,2026-08-05,Completed,2026-08-07,Manager
BP-91503,EMP7115,Onboarding,Role goals set,Day 30,2026-08-21,Not Started,,HR
BP-91504,EMP7115,Onboarding,Compliance Document signed,Day 30,2026-09-05,Completed,2026-09-22,HR
BP-91505,EMP7115,Onboarding,30-day check-in,Day 30,2026-08-17,Completed,2026-08-31,IT
BP-91506,EMP7115,Onboarding,Mid-probation review,Day 60,2026-10-01,Completed,2026-09-23,Payroll
BP-91507,EMP7115,Onboarding,Probation decision,Day 90,2026-10-31,Not Started,,Payroll
BP-91508,EMP7115,Onboarding,90-day survey,Day 90,2026-10-27,Not Started,,HR
BP-91509,EMP7116,Onboarding,Laptop issued,Day 1,2026-06-18,In Progress,,Manager
BP-91510,EMP7116,Onboarding,Email + SSO access,Day 1,2026-06-19,Not Started,,IT
BP-91511,EMP7116,Onboarding,Building badge,Day 1,2026-07-08,Not Started,,Payroll
BP-91512,EMP7116,Onboarding,Team introduction,Day 1,2026-06-27,Completed,2026-07-03,Manager
BP-91513,EMP7116,Onboarding,Compliance training assigned,Day 7,2026-06-16,Completed,2026-06-16,IT
BP-91514,EMP7116,Onboarding,Policy handbook acknowledgement,Day 7,2026-06-18,Escalated,,HR
BP-91515,EMP7116,Onboarding,First 1:1 scheduled,Day 7,2026-06-25,Completed,2026-06-22,Manager
BP-91516,EMP7116,Onboarding,Role goals set,Day 30,2026-07-29,Completed,2026-08-15,Manager
BP-91517,EMP7116,Onboarding,Compliance Document signed,Day 30,2026-08-03,Completed,2026-08-03,Payroll
BP-91518,EMP7116,Onboarding,30-day check-in,Day 30,2026-08-04,Escalated,,Manager
BP-91519,EMP7116,Onboarding,Mid-probation review,Day 60,2026-08-23,Not Started,,Manager
BP-91520,EMP7116,Onboarding,Probation decision,Day 90,2026-10-06,Completed,2026-10-20,Manager
BP-91521,EMP7116,Onboarding,90-day survey,Day 90,2026-10-05,Completed,2026-10-23,HR
BP-91522,EMP7117,Onboarding,Laptop issued,Day 1,2026-06-08,Completed,2026-06-16,Payroll
BP-91523,EMP7117,Onboarding,Email + SSO access,Day 1,2026-05-28,Completed,2026-06-08,IT
BP-91524,EMP7117,Onboarding,Building badge,Day 1,31/05/2026,Not Started,,Payroll
BP-91525,EMP7117,Onboarding,Team introduction,Day 1,2026-06-10,Completed,2026-06-22,HR
BP-91526,EMP7117,Onboarding,Compliance training assigned,Day 7,2026-06-12,Completed,2026-06-29,HR
BP-91527,EMP7117,Onboarding,Policy handbook acknowledgement,Day 7,2026-05-23,Completed,2026-05-21,IT
BP-91528,EMP7117,Onboarding,First 1:1 scheduled,Day 7,2026-06-02,In Progress,,Payroll
BP-91529,EMP7117,Onboarding,Role goals set,Day 30,2026-06-18,Completed,2026-06-17,HR
BP-91530,EMP7117,Onboarding,Compliance Document signed,Day 30,2026-07-12,In Progress,,Manager
BP-91531,EMP7117,Onboarding,30-day check-in,Day 30,2026-07-10,Completed,2026-07-16,Manager
BP-91532,EMP7117,Onboarding,Mid-probation review,Day 60,2026-08-11,Not Started,,HR
BP-91533,EMP7117,Onboarding,Probation decision,Day 90,2026-08-22,Completed,2026-09-04,IT
BP-91534,EMP7117,Onboarding,90-day survey,Day 90,2026-09-08,Completed,2026-09-06,Payroll
BP-91535,EMP7118,Onboarding,Laptop issued,Day 1,2026-08-04,Completed,2026-08-01,Manager
BP-91536,EMP7118,Onboarding,Email + SSO access,Day 1,2026-08-19,Completed,2026-09-06,HR
BP-91537,EMP7118,Onboarding,Building badge,Day 1,2026-07-22,Completed,2026-07-31,HR
BP-91538,EMP7118,Onboarding,Team introduction,Day 1,2026-08-20,Completed,2026-08-26,HR
BP-91539,EMP7118,Onboarding,Compliance training assigned,Day 7,2026-08-05,Not Started,,HR
BP-91540,EMP7118,Onboarding,Policy handbook acknowledgement,Day 7,2026-07-29,Completed,2026-08-09,Manager
BP-91541,EMP7118,Onboarding,First 1:1 scheduled,Day 7,2026-08-16,Completed,2026-08-12,Payroll
BP-91542,EMP7118,Onboarding,Role goals set,Day 30,2026-09-19,Completed,2026-09-16,Payroll
BP-91543,EMP7118,Onboarding,Compliance Document signed,Day 30,2026-08-20,Not Started,,Manager
BP-91544,EMP7118,Onboarding,30-day check-in,Day 30,2026-09-13,Completed,2026-10-01,Manager
BP-91545,EMP7118,Onboarding,Mid-probation review,Day 60,2026-09-22,Completed,2026-10-06,HR
BP-91546,EMP7118,Onboarding,Probation decision,Day 90,2026-10-25,Completed,2026-10-26,Manager
BP-91547,EMP7118,Onboarding,90-day survey,Day 90,2026-10-31,Completed,2026-11-05,HR
BP-91548,EMP7119,Onboarding,Laptop issued,Day 1,2026-07-16,Completed,2026-08-03,IT
BP-91549,EMP7119,Onboarding,Email + SSO access,Day 1,2026-07-20,Not Started,,HR
BP-91550,EMP7119,Onboarding,Building badge,Day 1,2026-07-10,Completed,2026-07-15,HR
BP-91551,EMP7119,Onboarding,Team introduction,Day 1,2026-06-27,Completed,2026-06-27,HR
BP-91552,EMP7119,Onboarding,Compliance training assigned,Day 7,2026-07-22,Completed,2026-07-21,IT
BP-91553,EMP7119,Onboarding,Policy handbook acknowledgement,Day 7,21/07/2026,Not Started,,Manager
BP-91554,EMP7119,Onboarding,First 1:1 scheduled,Day 7,2026-07-05,Completed,2026-07-12,HR
BP-91555,EMP7119,Onboarding,Role goals set,Day 30,2026-08-22,Completed,2026-09-05,Manager
BP-91556,EMP7119,Onboarding,Compliance Document signed,Day 30,2026-08-16,Completed,2026-08-30,Manager
BP-91557,EMP7119,Onboarding,30-day check-in,Day 30,2026-08-17,Completed,2026-09-01,IT
BP-91558,EMP7119,Onboarding,Mid-probation review,Day 60,2026-08-27,Completed,2026-09-05,Payroll
BP-91559,EMP7119,Onboarding,Probation decision,Day 90,2026-09-25,Completed,2026-09-24,Manager
BP-91560,EMP7119,Onboarding,90-day survey,Day 90,2026-10-23,Completed,2026-11-03,Payroll
BP-91561,EMP7120,Onboarding,Laptop issued,Day 1,2026-05-15,Completed,2026-05-23,Manager
BP-91562,EMP7120,Onboarding,Email + SSO access,Day 1,2026-05-24,Completed,2026-06-06,IT
BP-91563,EMP7120,Onboarding,Building badge,Day 1,2026-05-19,In Progress,,Payroll
BP-91564,EMP7120,Onboarding,Team introduction,Day 1,2026-06-02,Completed,2026-06-02,HR
BP-91565,EMP7120,Onboarding,Compliance training assigned,Day 7,2026-06-06,In Progress,,IT
BP-91566,EMP7120,Onboarding,Policy handbook acknowledgement,Day 7,2026-06-18,Completed,2026-06-14,Payroll
BP-91567,EMP7120,Onboarding,First 1:1 scheduled,Day 7,2026-05-31,Not Started,,Manager
BP-91568,EMP7120,Onboarding,Role goals set,Day 30,2026-06-17,Completed,2026-06-12,IT
BP-91569,EMP7120,Onboarding,Compliance Document signed,Day 30,2026-06-14,Completed,2026-06-21,IT
BP-91570,EMP7120,Onboarding,30-day check-in,Day 30,2026-07-06,Completed,2026-07-11,IT
BP-91571,EMP7120,Onboarding,Mid-probation review,Day 60,2026-08-10,Completed,2026-08-21,IT
BP-91572,EMP7120,Onboarding,Probation decision,Day 90,2026-08-28,Completed,2026-09-02,HR
BP-91573,EMP7120,Onboarding,90-day survey,Day 90,2026-08-22,Not Started,,Manager
BP-91574,EMP7121,Onboarding,Laptop issued,Day 1,2026-06-08,Completed,2026-06-17,Manager
BP-91575,EMP7121,Onboarding,Email + SSO access,Day 1,2026-05-16,Completed,2026-05-12,Payroll
BP-91576,EMP7121,Onboarding,Building badge,Day 1,2026-05-22,Completed,2026-05-15,Manager
BP-91577,EMP7121,Onboarding,Team introduction,Day 1,2026-05-23,Completed,2026-06-06,Manager
BP-91578,EMP7121,Onboarding,Compliance training assigned,Day 7,2026-06-03,Completed,2026-06-10,Payroll
BP-91579,EMP7121,Onboarding,Policy handbook acknowledgement,Day 7,2026-06-04,Completed,2026-06-18,Manager
BP-91580,EMP7121,Onboarding,First 1:1 scheduled,Day 7,2026-06-04,In Progress,,Payroll
BP-91581,EMP7121,Onboarding,Role goals set,Day 30,2026-07-10,Not Started,,HR
BP-91582,EMP7121,Onboarding,Compliance Document signed,Day 30,16/06/2026,Completed,2026-06-10,HR
BP-91583,EMP7121,Onboarding,30-day check-in,Day 30,2026-07-10,Completed,2026-07-07,HR
BP-91584,EMP7121,Onboarding,Mid-probation review,Day 60,2026-08-05,In Progress,,IT
BP-91585,EMP7121,Onboarding,Probation decision,Day 90,2026-08-30,Not Started,,HR
BP-91586,EMP7121,Onboarding,90-day survey,Day 90,2026-08-30,Completed,2026-09-07,HR
BP-91587,EMP7122,Onboarding,Laptop issued,Day 1,2026-08-06,Completed,2026-08-05,Manager
BP-91588,EMP7122,Onboarding,Email + SSO access,Day 1,2026-08-14,Completed,2026-08-16,Payroll
BP-91589,EMP7122,Onboarding,Building badge,Day 1,2026-08-02,Not Started,,Payroll
BP-91590,EMP7122,Onboarding,Team introduction,Day 1,2026-08-05,Completed,2026-08-15,Payroll
BP-91591,EMP7122,Onboarding,Compliance training assigned,Day 7,2026-08-25,Completed,2026-08-21,Payroll
BP-91592,EMP7122,Onboarding,Policy handbook acknowledgement,Day 7,2026-08-01,Completed,2026-08-19,Manager
BP-91593,EMP7122,Onboarding,First 1:1 scheduled,Day 7,2026-08-13,In Progress,,IT
BP-91594,EMP7122,Onboarding,Role goals set,Day 30,2026-09-10,Not Started,,Payroll
BP-91595,EMP7122,Onboarding,Compliance Document signed,Day 30,2026-09-01,Completed,2026-09-13,Manager
BP-91596,EMP7122,Onboarding,30-day check-in,Day 30,2026-09-01,Not Started,,HR
BP-91597,EMP7122,Onboarding,Mid-probation review,Day 60,2026-09-27,Completed,2026-10-14,IT
BP-91598,EMP7122,Onboarding,Probation decision,Day 90,2026-10-31,Completed,2026-11-15,Payroll
BP-91599,EMP7122,Onboarding,90-day survey,Day 90,2026-11-07,In Progress,,Manager
BP-91600,EMP7123,Onboarding,Laptop issued,Day 1,2026-05-31,Completed,2026-05-31,HR
BP-91601,EMP7123,Onboarding,Email + SSO access,Day 1,2026-06-05,Escalated,,Manager
BP-91602,EMP7123,Onboarding,Building badge,Day 1,2026-05-31,Completed,2026-05-29,HR
BP-91603,EMP7123,Onboarding,Team introduction,Day 1,2026-06-10,Escalated,,Manager
BP-91604,EMP7123,Onboarding,Compliance training assigned,Day 7,2026-06-13,Not Started,,HR
BP-91605,EMP7123,Onboarding,Policy handbook acknowledgement,Day 7,2026-06-07,Completed,2026-06-14,Manager
BP-91606,EMP7123,Onboarding,First 1:1 scheduled,Day 7,2026-06-27,Completed,2026-07-10,HR
BP-91607,EMP7123,Onboarding,Role goals set,Day 30,2026-07-08,Not Started,,Payroll
BP-91608,EMP7123,Onboarding,Compliance Document signed,Day 30,2026-07-23,Completed,2026-07-31,HR
BP-91609,EMP7123,Onboarding,30-day check-in,Day 30,2026-07-12,Completed,2026-07-16,Manager
BP-91610,EMP7123,Onboarding,Mid-probation review,Day 60,2026-08-04,In Progress,,Manager
BP-91611,EMP7123,Onboarding,Probation decision,Day 90,28/08/2026,Escalated,,Manager
BP-91612,EMP7123,Onboarding,90-day survey,Day 90,2026-09-20,Completed,2026-10-01,HR
BP-91613,EMP7124,Onboarding,Laptop issued,Day 1,2026-07-10,In Progress,,Manager
BP-91614,EMP7124,Onboarding,Email + SSO access,Day 1,2026-06-29,Completed,2026-07-07,IT
BP-91615,EMP7124,Onboarding,Building badge,Day 1,2026-07-11,Not Started,,HR
BP-91616,EMP7124,Onboarding,Team introduction,Day 1,2026-07-17,Not Started,,HR
BP-91617,EMP7124,Onboarding,Compliance training assigned,Day 7,2026-08-01,In Progress,,Payroll
BP-91618,EMP7124,Onboarding,Policy handbook acknowledgement,Day 7,2026-07-12,Completed,2026-07-17,Payroll
BP-91619,EMP7124,Onboarding,First 1:1 scheduled,Day 7,2026-08-01,In Progress,,IT
BP-91620,EMP7124,Onboarding,Role goals set,Day 30,2026-07-30,Completed,2026-08-12,IT
BP-91621,EMP7124,Onboarding,Compliance Document signed,Day 30,2026-08-21,Completed,2026-08-29,Manager
BP-91622,EMP7124,Onboarding,30-day check-in,Day 30,2026-08-04,In Progress,,Payroll
BP-91623,EMP7124,Onboarding,Mid-probation review,Day 60,2026-09-11,Completed,2026-09-04,Payroll
BP-91624,EMP7124,Onboarding,Probation decision,Day 90,2026-10-10,Completed,2026-10-15,Payroll
BP-91625,EMP7124,Onboarding,90-day survey,Day 90,2026-10-08,Not Started,,IT
BP-91626,EMP7125,Onboarding,Laptop issued,Day 1,2026-07-08,Completed,2026-07-18,Payroll
BP-91627,EMP7125,Onboarding,Email + SSO access,Day 1,2026-07-21,In Progress,,Payroll
BP-91628,EMP7125,Onboarding,Building badge,Day 1,2026-06-30,Not Started,,Manager
BP-91629,EMP7125,Onboarding,Team introduction,Day 1,2026-07-02,Completed,2026-07-20,Manager
BP-91630,EMP7125,Onboarding,Compliance training assigned,Day 7,2026-07-04,Completed,2026-07-09,IT
BP-91631,EMP7125,Onboarding,Policy handbook acknowledgement,Day 7,2026-07-13,In Progress,,Manager
BP-91632,EMP7125,Onboarding,First 1:1 scheduled,Day 7,2026-07-27,Not Started,,Manager
BP-91633,EMP7125,Onboarding,Role goals set,Day 30,2026-08-14,Completed,2026-08-16,HR
BP-91634,EMP7125,Onboarding,Compliance Document signed,Day 30,2026-08-01,Completed,2026-07-26,IT
BP-91635,EMP7125,Onboarding,30-day check-in,Day 30,2026-08-22,Not Started,,Payroll
BP-91636,EMP7125,Onboarding,Mid-probation review,Day 60,2026-09-07,In Progress,,Payroll
BP-91637,EMP7125,Onboarding,Probation decision,Day 90,2026-09-24,Completed,2026-09-19,Payroll
BP-91638,EMP7125,Onboarding,90-day survey,Day 90,2026-09-29,Not Started,,Manager
BP-91639,EMP7126,Onboarding,Laptop issued,Day 1,2026-08-07,Not Started,,Manager
BP-91640,EMP7126,Onboarding,Email + SSO access,Day 1,20/08/2026,Not Started,,Manager
BP-91641,EMP7126,Onboarding,Building badge,Day 1,2026-08-02,In Progress,,IT
BP-91642,EMP7126,Onboarding,Team introduction,Day 1,2026-08-15,Not Started,,Manager
BP-91643,EMP7126,Onboarding,Compliance training assigned,Day 7,2026-08-24,Completed,2026-08-18,HR
BP-91644,EMP7126,Onboarding,Policy handbook acknowledgement,Day 7,2026-08-03,Completed,2026-08-01,Payroll
BP-91645,EMP7126,Onboarding,First 1:1 scheduled,Day 7,2026-08-25,Completed,2026-09-08,HR
BP-91646,EMP7126,Onboarding,Role goals set,Day 30,2026-09-18,Completed,2026-09-16,Manager
BP-91647,EMP7126,Onboarding,Compliance Document signed,Day 30,2026-09-11,Completed,2026-09-23,HR
BP-91648,EMP7126,Onboarding,30-day check-in,Day 30,2026-09-04,In Progress,,HR
BP-91649,EMP7126,Onboarding,Mid-probation review,Day 60,2026-09-23,Completed,2026-10-09,Manager
BP-91650,EMP7126,Onboarding,Probation decision,Day 90,2026-10-25,Completed,2026-10-30,Payroll
BP-91651,EMP7126,Onboarding,90-day survey,Day 90,2026-10-24,Completed,2026-10-20,Manager
BP-91652,EMP7127,Onboarding,Laptop issued,Day 1,2026-08-11,In Progress,,Manager
BP-91653,EMP7127,Onboarding,Email + SSO access,Day 1,2026-07-12,Completed,2026-07-22,HR
BP-91654,EMP7127,Onboarding,Building badge,Day 1,2026-07-18,Completed,2026-07-28,Manager
BP-91655,EMP7127,Onboarding,Team introduction,Day 1,2026-07-13,Completed,2026-07-05,Payroll
BP-91656,EMP7127,Onboarding,Compliance training assigned,Day 7,2026-08-07,Not Started,,Manager
BP-91657,EMP7127,Onboarding,Policy handbook acknowledgement,Day 7,2026-07-31,In Progress,,IT
BP-91658,EMP7127,Onboarding,First 1:1 scheduled,Day 7,2026-07-19,In Progress,,Manager
BP-91659,EMP7127,Onboarding,Role goals set,Day 30,2026-08-25,In Progress,,Manager
BP-91660,EMP7127,Onboarding,Compliance Document signed,Day 30,2026-08-17,Not Started,,Payroll
BP-91661,EMP7127,Onboarding,30-day check-in,Day 30,2026-08-26,Completed,2026-08-31,IT
BP-91662,EMP7127,Onboarding,Mid-probation review,Day 60,2026-09-26,Completed,2026-09-26,Manager
BP-91663,EMP7127,Onboarding,Probation decision,Day 90,2026-11-06,Completed,2026-11-01,Manager
BP-91664,EMP7127,Onboarding,90-day survey,Day 90,2026-10-28,Not Started,,IT
BP-91665,EMP7128,Onboarding,Laptop issued,Day 1,2026-06-25,Not Started,,Manager
BP-91666,EMP7128,Onboarding,Email + SSO access,Day 1,2026-06-11,Completed,2026-06-12,HR
BP-91667,EMP7128,Onboarding,Building badge,Day 1,2026-06-26,Completed,2026-07-02,HR
BP-91668,EMP7128,Onboarding,Team introduction,Day 1,2026-06-27,Completed,2026-07-07,IT
BP-91669,EMP7128,Onboarding,Compliance training assigned,Day 7,16/07/2026,In Progress,,Manager
BP-91670,EMP7128,Onboarding,Policy handbook acknowledgement,Day 7,2026-06-21,Completed,2026-07-06,Manager
BP-91671,EMP7128,Onboarding,First 1:1 scheduled,Day 7,2026-07-17,Completed,2026-08-04,IT
BP-91672,EMP7128,Onboarding,Role goals set,Day 30,2026-08-04,Completed,2026-08-21,HR
BP-91673,EMP7128,Onboarding,Compliance Document signed,Day 30,2026-07-29,Completed,2026-07-30,Payroll
BP-91674,EMP7128,Onboarding,30-day check-in,Day 30,2026-07-31,In Progress,,HR
BP-91675,EMP7128,Onboarding,Mid-probation review,Day 60,2026-08-14,Completed,2026-08-11,Manager
BP-91676,EMP7128,Onboarding,Probation decision,Day 90,2026-09-11,Completed,2026-09-18,IT
BP-91677,EMP7128,Onboarding,90-day survey,Day 90,2026-09-15,Completed,2026-09-24,Payroll
BP-91678,EMP7129,Onboarding,Laptop issued,Day 1,2026-07-23,Completed,2026-07-23,IT
BP-91679,EMP7129,Onboarding,Email + SSO access,Day 1,2026-08-13,Completed,2026-08-10,Payroll
BP-91680,EMP7129,Onboarding,Building badge,Day 1,2026-08-17,Completed,2026-08-19,Manager
BP-91681,EMP7129,Onboarding,Team introduction,Day 1,2026-07-26,In Progress,,HR
BP-91682,EMP7129,Onboarding,Compliance training assigned,Day 7,2026-08-01,In Progress,,HR
BP-91683,EMP7129,Onboarding,Policy handbook acknowledgement,Day 7,2026-08-13,Completed,2026-08-15,IT
BP-91684,EMP7129,Onboarding,First 1:1 scheduled,Day 7,2026-08-22,Completed,2026-09-07,IT
BP-91685,EMP7129,Onboarding,Role goals set,Day 30,2026-09-18,Completed,2026-10-02,Payroll
BP-91686,EMP7129,Onboarding,Compliance Document signed,Day 30,2026-09-12,Completed,2026-09-18,Manager
BP-91687,EMP7129,Onboarding,30-day check-in,Day 30,2026-09-20,Escalated,,Payroll
BP-91688,EMP7129,Onboarding,Mid-probation review,Day 60,2026-09-23,In Progress,,Payroll
BP-91689,EMP7129,Onboarding,Probation decision,Day 90,2026-11-15,In Progress,,Payroll
BP-91690,EMP7129,Onboarding,90-day survey,Day 90,2026-11-05,Completed,2026-11-02,Payroll
BP-91691,EMP7130,Onboarding,Laptop issued,Day 1,2026-07-25,Completed,2026-07-28,HR
BP-91692,EMP7130,Onboarding,Email + SSO access,Day 1,2026-07-21,Completed,2026-08-04,Manager
BP-91693,EMP7130,Onboarding,Building badge,Day 1,2026-07-22,In Progress,,Manager
BP-91694,EMP7130,Onboarding,Team introduction,Day 1,2026-07-21,Completed,2026-07-17,IT
BP-91695,EMP7130,Onboarding,Compliance training assigned,Day 7,2026-07-14,Completed,2026-07-09,HR
BP-91696,EMP7130,Onboarding,Policy handbook acknowledgement,Day 7,2026-07-18,Completed,2026-08-03,Payroll
BP-91697,EMP7130,Onboarding,First 1:1 scheduled,Day 7,2026-07-11,Completed,2026-07-13,IT
BP-91698,EMP7130,Onboarding,Role goals set,Day 30,12/08/2026,Completed,2026-08-06,IT
BP-91699,EMP7130,Onboarding,Compliance Document signed,Day 30,2026-08-07,Not Started,,Manager
BP-91700,EMP7130,Onboarding,30-day check-in,Day 30,2026-08-07,In Progress,,HR
BP-91701,EMP7130,Onboarding,Mid-probation review,Day 60,2026-08-30,Escalated,,Manager
BP-91702,EMP7130,Onboarding,Probation decision,Day 90,2026-10-20,Completed,2026-10-16,Manager
BP-91703,EMP7130,Onboarding,90-day survey,Day 90,2026-10-08,Completed,2026-10-14,IT
BP-91704,EMP7131,Onboarding,Laptop issued,Day 1,2026-06-02,Completed,2026-06-08,HR
BP-91705,EMP7131,Onboarding,Email + SSO access,Day 1,2026-05-27,Completed,2026-06-10,Payroll
BP-91706,EMP7131,Onboarding,Building badge,Day 1,2026-05-05,Completed,2026-05-07,Manager
BP-91707,EMP7131,Onboarding,Team introduction,Day 1,2026-05-27,Completed,2026-06-01,Payroll
BP-91708,EMP7131,Onboarding,Compliance training assigned,Day 7,2026-05-21,Escalated,,Payroll
BP-91709,EMP7131,Onboarding,Policy handbook acknowledgement,Day 7,2026-05-30,Not Started,,HR
BP-91710,EMP7131,Onboarding,First 1:1 scheduled,Day 7,2026-06-06,In Progress,,Payroll
BP-91711,EMP7131,Onboarding,Role goals set,Day 30,2026-06-21,Not Started,,IT
BP-91712,EMP7131,Onboarding,Compliance Document signed,Day 30,2026-06-14,Completed,2026-06-27,IT
BP-91713,EMP7131,Onboarding,30-day check-in,Day 30,2026-06-24,Escalated,,IT
BP-91714,EMP7131,Onboarding,Mid-probation review,Day 60,2026-07-30,Completed,2026-07-22,IT
BP-91715,EMP7131,Onboarding,Probation decision,Day 90,2026-08-28,In Progress,,HR
BP-91716,EMP7131,Onboarding,90-day survey,Day 90,2026-08-22,Completed,2026-08-28,HR
BP-91717,EMP7132,Onboarding,Laptop issued,Day 1,2026-05-17,In Progress,,Manager
BP-91718,EMP7132,Onboarding,Email + SSO access,Day 1,2026-05-11,Completed,2026-05-28,Manager
BP-91719,EMP7132,Onboarding,Building badge,Day 1,2026-05-13,Completed,2026-05-14,Payroll
BP-91720,EMP7132,Onboarding,Team introduction,Day 1,2026-04-20,In Progress,,IT
BP-91721,EMP7132,Onboarding,Compliance training assigned,Day 7,2026-05-07,Not Started,,HR
BP-91722,EMP7132,Onboarding,Policy handbook acknowledgement,Day 7,2026-05-11,In Progress,,IT
BP-91723,EMP7132,Onboarding,First 1:1 scheduled,Day 7,2026-05-01,Completed,2026-05-09,IT
BP-91724,EMP7132,Onboarding,Role goals set,Day 30,2026-06-03,Completed,2026-06-19,HR
BP-91725,EMP7132,Onboarding,Compliance Document signed,Day 30,2026-05-18,Completed,2026-06-04,IT
BP-91726,EMP7132,Onboarding,30-day check-in,Day 30,2026-05-25,Escalated,,IT
BP-91727,EMP7132,Onboarding,Mid-probation review,Day 60,10/07/2026,Completed,2026-07-18,Payroll
BP-91728,EMP7132,Onboarding,Probation decision,Day 90,2026-08-09,Completed,2026-08-27,IT
BP-91729,EMP7132,Onboarding,90-day survey,Day 90,2026-07-25,In Progress,,IT
BP-91730,EMP7133,Onboarding,Laptop issued,Day 1,2026-05-04,Completed,2026-05-20,Payroll
BP-91731,EMP7133,Onboarding,Email + SSO access,Day 1,2026-05-15,Completed,2026-05-25,Payroll
BP-91732,EMP7133,Onboarding,Building badge,Day 1,2026-05-15,Completed,2026-05-14,HR
BP-91733,EMP7133,Onboarding,Team introduction,Day 1,2026-05-12,Completed,2026-05-13,HR
BP-91734,EMP7133,Onboarding,Compliance training assigned,Day 7,2026-05-29,Completed,2026-06-06,HR
BP-91735,EMP7133,Onboarding,Policy handbook acknowledgement,Day 7,2026-05-10,Completed,2026-05-18,HR
BP-91736,EMP7133,Onboarding,First 1:1 scheduled,Day 7,2026-06-02,Escalated,,IT
BP-91737,EMP7133,Onboarding,Role goals set,Day 30,2026-06-13,Completed,2026-06-09,Manager
BP-91738,EMP7133,Onboarding,Compliance Document signed,Day 30,2026-06-25,Completed,2026-06-19,Payroll
BP-91739,EMP7133,Onboarding,30-day check-in,Day 30,2026-05-31,Completed,2026-05-27,Manager
BP-91740,EMP7133,Onboarding,Mid-probation review,Day 60,2026-07-05,Completed,2026-06-29,IT
BP-91741,EMP7133,Onboarding,Probation decision,Day 90,2026-08-19,In Progress,,Manager
BP-91742,EMP7133,Onboarding,90-day survey,Day 90,2026-08-16,In Progress,,Manager
BP-91743,EMP7134,Onboarding,Laptop issued,Day 1,2026-06-27,Completed,2026-07-07,Manager
BP-91744,EMP7134,Onboarding,Email + SSO access,Day 1,2026-06-20,Completed,2026-06-26,Manager
BP-91745,EMP7134,Onboarding,Building badge,Day 1,2026-06-23,Completed,2026-07-11,HR
BP-91746,EMP7134,Onboarding,Team introduction,Day 1,2026-06-04,In Progress,,HR
BP-91747,EMP7134,Onboarding,Compliance training assigned,Day 7,2026-06-21,Not Started,,Manager
BP-91748,EMP7134,Onboarding,Policy handbook acknowledgement,Day 7,2026-06-10,Not Started,,Payroll
BP-91749,EMP7134,Onboarding,First 1:1 scheduled,Day 7,2026-06-28,Completed,2026-07-04,Manager
BP-91750,EMP7134,Onboarding,Role goals set,Day 30,2026-06-30,Escalated,,HR
BP-91751,EMP7134,Onboarding,Compliance Document signed,Day 30,2026-07-29,In Progress,,IT
BP-91752,EMP7134,Onboarding,30-day check-in,Day 30,2026-07-28,Completed,2026-08-08,Manager
BP-91753,EMP7134,Onboarding,Mid-probation review,Day 60,2026-08-01,Completed,2026-08-04,IT
BP-91754,EMP7134,Onboarding,Probation decision,Day 90,2026-08-29,In Progress,,HR
BP-91755,EMP7134,Onboarding,90-day survey,Day 90,2026-08-31,Completed,2026-09-01,IT
BP-91756,EMP7135,Onboarding,Laptop issued,Day 1,03/08/2026,Completed,2026-08-10,Payroll
BP-91757,EMP7135,Onboarding,Email + SSO access,Day 1,2026-08-19,Completed,2026-08-15,Manager
BP-91758,EMP7135,Onboarding,Building badge,Day 1,2026-07-26,Completed,2026-07-27,HR
BP-91759,EMP7135,Onboarding,Team introduction,Day 1,2026-07-30,Not Started,,Manager
BP-91760,EMP7135,Onboarding,Compliance training assigned,Day 7,2026-07-31,Completed,2026-08-09,IT
BP-91761,EMP7135,Onboarding,Policy handbook acknowledgement,Day 7,2026-08-02,Completed,2026-08-07,Manager
BP-91762,EMP7135,Onboarding,First 1:1 scheduled,Day 7,2026-08-18,Completed,2026-08-28,Manager
BP-91763,EMP7135,Onboarding,Role goals set,Day 30,2026-09-20,Completed,2026-10-07,Manager
BP-91764,EMP7135,Onboarding,Compliance Document signed,Day 30,2026-09-07,Not Started,,HR
BP-91765,EMP7135,Onboarding,30-day check-in,Day 30,2026-09-16,Completed,2026-09-24,Manager
BP-91766,EMP7135,Onboarding,Mid-probation review,Day 60,2026-10-16,Completed,2026-10-29,Manager
BP-91767,EMP7135,Onboarding,Probation decision,Day 90,2026-10-26,Not Started,,IT
BP-91768,EMP7135,Onboarding,90-day survey,Day 90,2026-10-24,In Progress,,Manager
BP-91769,EMP7136,Onboarding,Laptop issued,Day 1,2026-05-12,Completed,2026-05-16,IT
BP-91770,EMP7136,Onboarding,Email + SSO access,Day 1,2026-05-17,Completed,2026-05-30,Manager
BP-91771,EMP7136,Onboarding,Building badge,Day 1,2026-05-23,Completed,2026-06-04,Payroll
BP-91772,EMP7136,Onboarding,Team introduction,Day 1,2026-05-27,Completed,2026-06-10,Payroll
BP-91773,EMP7136,Onboarding,Compliance training assigned,Day 7,2026-05-24,In Progress,,IT
BP-91774,EMP7136,Onboarding,Policy handbook acknowledgement,Day 7,2026-05-23,Not Started,,Payroll
BP-91775,EMP7136,Onboarding,First 1:1 scheduled,Day 7,2026-05-26,In Progress,,Payroll
BP-91776,EMP7136,Onboarding,Role goals set,Day 30,2026-06-04,In Progress,,Payroll
BP-91777,EMP7136,Onboarding,Compliance Document signed,Day 30,2026-06-28,In Progress,,HR
BP-91778,EMP7136,Onboarding,30-day check-in,Day 30,2026-06-22,Completed,2026-06-30,Payroll
BP-91779,EMP7136,Onboarding,Mid-probation review,Day 60,2026-07-01,Not Started,,HR
BP-91780,EMP7136,Onboarding,Probation decision,Day 90,2026-08-27,Completed,2026-08-27,HR
BP-91781,EMP7136,Onboarding,90-day survey,Day 90,2026-08-04,Not Started,,Manager
BP-91782,EMP7137,Onboarding,Laptop issued,Day 1,2026-07-14,In Progress,,IT
BP-91783,EMP7137,Onboarding,Email + SSO access,Day 1,2026-07-24,In Progress,,Payroll
BP-91784,EMP7137,Onboarding,Building badge,Day 1,2026-07-27,Completed,2026-07-29,Manager
BP-91785,EMP7137,Onboarding,Team introduction,Day 1,17/07/2026,Completed,2026-07-09,IT
BP-91786,EMP7137,Onboarding,Compliance training assigned,Day 7,2026-07-30,Completed,2026-07-24,Payroll
BP-91787,EMP7137,Onboarding,Policy handbook acknowledgement,Day 7,2026-07-21,In Progress,,HR
BP-91788,EMP7137,Onboarding,First 1:1 scheduled,Day 7,2026-07-27,Completed,2026-07-24,IT
BP-91789,EMP7137,Onboarding,Role goals set,Day 30,2026-09-03,Completed,2026-08-30,IT
BP-91790,EMP7137,Onboarding,Compliance Document signed,Day 30,2026-09-09,Completed,2026-09-22,HR
BP-91791,EMP7137,Onboarding,30-day check-in,Day 30,2026-08-11,In Progress,,IT
BP-91792,EMP7137,Onboarding,Mid-probation review,Day 60,2026-09-14,Completed,2026-09-28,Payroll
BP-91793,EMP7137,Onboarding,Probation decision,Day 90,2026-10-18,Completed,2026-10-13,IT
BP-91794,EMP7137,Onboarding,90-day survey,Day 90,2026-10-13,Completed,2026-10-15,IT
BP-91795,EMP7138,Onboarding,Laptop issued,Day 1,2026-05-28,Completed,2026-05-21,HR
BP-91796,EMP7138,Onboarding,Email + SSO access,Day 1,2026-05-23,Escalated,,HR
BP-91797,EMP7138,Onboarding,Building badge,Day 1,2026-05-31,In Progress,,Manager
BP-91798,EMP7138,Onboarding,Team introduction,Day 1,2026-06-15,Completed,2026-06-15,Payroll
BP-91799,EMP7138,Onboarding,Compliance training assigned,Day 7,2026-06-01,Completed,2026-06-10,Manager
BP-91800,EMP7138,Onboarding,Policy handbook acknowledgement,Day 7,2026-05-24,In Progress,,Payroll
BP-91801,EMP7138,Onboarding,First 1:1 scheduled,Day 7,2026-06-04,Not Started,,HR
BP-91802,EMP7138,Onboarding,Role goals set,Day 30,2026-07-13,Completed,2026-07-13,Payroll
BP-91803,EMP7138,Onboarding,Compliance Document signed,Day 30,2026-06-21,Escalated,,HR
BP-91804,EMP7138,Onboarding,30-day check-in,Day 30,2026-06-23,In Progress,,Manager
BP-91805,EMP7138,Onboarding,Mid-probation review,Day 60,2026-07-28,Completed,2026-08-09,HR
BP-91806,EMP7138,Onboarding,Probation decision,Day 90,2026-09-07,Completed,2026-09-10,HR
BP-91807,EMP7138,Onboarding,90-day survey,Day 90,2026-09-07,Completed,2026-09-16,Manager
BP-91808,EMP7139,Onboarding,Laptop issued,Day 1,2026-07-13,In Progress,,Manager
BP-91809,EMP7139,Onboarding,Email + SSO access,Day 1,2026-06-14,Completed,2026-07-02,Manager
BP-91810,EMP7139,Onboarding,Building badge,Day 1,2026-07-13,In Progress,,IT
BP-91811,EMP7139,Onboarding,Team introduction,Day 1,2026-07-03,Completed,2026-06-25,Payroll
BP-91812,EMP7139,Onboarding,Compliance training assigned,Day 7,2026-07-18,In Progress,,IT
BP-91813,EMP7139,Onboarding,Policy handbook acknowledgement,Day 7,2026-07-08,Completed,2026-07-26,Manager
BP-91814,EMP7139,Onboarding,First 1:1 scheduled,Day 7,30/06/2026,In Progress,,HR
BP-91815,EMP7139,Onboarding,Role goals set,Day 30,2026-07-30,In Progress,,IT
BP-91816,EMP7139,Onboarding,Compliance Document signed,Day 30,2026-07-13,Completed,2026-07-28,Payroll
BP-91817,EMP7139,Onboarding,30-day check-in,Day 30,2026-07-21,Completed,2026-07-25,Payroll
BP-91818,EMP7139,Onboarding,Mid-probation review,Day 60,2026-09-06,Completed,2026-09-21,IT
BP-91819,EMP7139,Onboarding,Probation decision,Day 90,2026-10-08,Completed,2026-10-06,IT
BP-91820,EMP7139,Onboarding,90-day survey,Day 90,2026-10-08,Not Started,,IT
BP-91821,EMP7140,Onboarding,Laptop issued,Day 1,2026-07-15,Completed,2026-07-31,Manager
BP-91822,EMP7140,Onboarding,Email + SSO access,Day 1,2026-07-03,Completed,2026-07-16,IT
BP-91823,EMP7140,Onboarding,Building badge,Day 1,2026-07-05,Completed,2026-07-11,IT
BP-91824,EMP7140,Onboarding,Team introduction,Day 1,2026-06-25,Not Started,,HR
BP-91825,EMP7140,Onboarding,Compliance training assigned,Day 7,2026-07-21,Completed,2026-08-01,Manager
BP-91826,EMP7140,Onboarding,Policy handbook acknowledgement,Day 7,2026-07-01,Completed,2026-07-14,HR
BP-91827,EMP7140,Onboarding,First 1:1 scheduled,Day 7,2026-07-14,In Progress,,Manager
BP-91828,EMP7140,Onboarding,Role goals set,Day 30,2026-08-17,Completed,2026-08-26,Payroll
BP-91829,EMP7140,Onboarding,Compliance Document signed,Day 30,2026-08-18,Not Started,,Payroll
BP-91830,EMP7140,Onboarding,30-day check-in,Day 30,2026-08-10,Completed,2026-08-28,Manager
BP-91831,EMP7140,Onboarding,Mid-probation review,Day 60,2026-09-13,Completed,2026-09-16,Manager
BP-91832,EMP7140,Onboarding,Probation decision,Day 90,2026-10-18,In Progress,,IT
BP-91833,EMP7140,Onboarding,90-day survey,Day 90,2026-10-04,Completed,2026-10-22,Payroll
BP-91834,EMP7141,Onboarding,Laptop issued,Day 1,2026-06-29,Completed,2026-07-02,HR
BP-91835,EMP7141,Onboarding,Email + SSO access,Day 1,2026-07-10,Completed,2026-07-09,Payroll
BP-91836,EMP7141,Onboarding,Building badge,Day 1,2026-07-20,Completed,2026-08-02,IT
BP-91837,EMP7141,Onboarding,Team introduction,Day 1,2026-07-02,Completed,2026-07-20,IT
BP-91838,EMP7141,Onboarding,Compliance training assigned,Day 7,2026-07-27,Not Started,,HR
BP-91839,EMP7141,Onboarding,Policy handbook acknowledgement,Day 7,2026-07-09,In Progress,,IT
BP-91840,EMP7141,Onboarding,First 1:1 scheduled,Day 7,2026-07-03,Completed,2026-07-10,HR
BP-91841,EMP7141,Onboarding,Role goals set,Day 30,2026-07-25,Completed,2026-08-12,Manager
BP-91842,EMP7141,Onboarding,Compliance Document signed,Day 30,2026-07-28,Completed,2026-08-07,Manager
BP-91843,EMP7141,Onboarding,30-day check-in,Day 30,30/07/2026,In Progress,,HR
BP-91844,EMP7141,Onboarding,Mid-probation review,Day 60,2026-09-14,Not Started,,HR
BP-91845,EMP7141,Onboarding,Probation decision,Day 90,2026-09-25,In Progress,,HR
BP-91846,EMP7141,Onboarding,90-day survey,Day 90,2026-10-16,Completed,2026-10-12,IT
BP-91847,EMP7142,Onboarding,Laptop issued,Day 1,2026-07-25,In Progress,,HR
BP-91848,EMP7142,Onboarding,Email + SSO access,Day 1,2026-07-24,In Progress,,IT
BP-91849,EMP7142,Onboarding,Building badge,Day 1,2026-07-02,Not Started,,Payroll
BP-91850,EMP7142,Onboarding,Team introduction,Day 1,2026-07-18,Not Started,,IT
BP-91851,EMP7142,Onboarding,Compliance training assigned,Day 7,2026-07-23,In Progress,,Manager
BP-91852,EMP7142,Onboarding,Policy handbook acknowledgement,Day 7,2026-07-02,Completed,2026-07-14,Payroll
BP-91853,EMP7142,Onboarding,First 1:1 scheduled,Day 7,2026-07-29,Completed,2026-08-03,Manager
BP-91854,EMP7142,Onboarding,Role goals set,Day 30,2026-08-02,Completed,2026-08-15,Manager
BP-91855,EMP7142,Onboarding,Compliance Document signed,Day 30,2026-08-09,Completed,2026-08-17,Payroll
BP-91856,EMP7142,Onboarding,30-day check-in,Day 30,2026-08-22,Not Started,,HR
BP-91857,EMP7142,Onboarding,Mid-probation review,Day 60,2026-08-25,Completed,2026-08-30,Manager
BP-91858,EMP7142,Onboarding,Probation decision,Day 90,2026-10-03,Completed,2026-10-07,HR
BP-91859,EMP7142,Onboarding,90-day survey,Day 90,2026-10-03,Completed,2026-10-13,Payroll
BP-91860,EMP7143,Onboarding,Laptop issued,Day 1,2026-06-21,Completed,2026-07-05,Manager
BP-91861,EMP7143,Onboarding,Email + SSO access,Day 1,2026-06-28,Completed,2026-06-27,HR
BP-91862,EMP7143,Onboarding,Building badge,Day 1,2026-06-03,Completed,2026-06-04,Payroll
BP-91863,EMP7143,Onboarding,Team introduction,Day 1,2026-06-18,In Progress,,Payroll
BP-91864,EMP7143,Onboarding,Compliance training assigned,Day 7,2026-06-04,In Progress,,Manager
BP-91865,EMP7143,Onboarding,Policy handbook acknowledgement,Day 7,2026-06-29,Completed,2026-07-09,IT
BP-91866,EMP7143,Onboarding,First 1:1 scheduled,Day 7,2026-06-30,Completed,2026-06-29,Payroll
BP-91867,EMP7143,Onboarding,Role goals set,Day 30,2026-07-12,Completed,2026-07-14,Payroll
BP-91868,EMP7143,Onboarding,Compliance Document signed,Day 30,2026-07-23,Completed,2026-07-31,HR
BP-91869,EMP7143,Onboarding,30-day check-in,Day 30,2026-07-27,Completed,2026-08-12,Manager
BP-91870,EMP7143,Onboarding,Mid-probation review,Day 60,2026-08-20,Completed,2026-09-01,Manager
BP-91871,EMP7143,Onboarding,Probation decision,Day 90,2026-09-13,Completed,2026-09-07,Payroll
BP-91872,EMP7143,Onboarding,90-day survey,Day 90,24/09/2026,Completed,2026-09-28,IT
BP-91873,EMP7144,Onboarding,Laptop issued,Day 1,2026-05-30,Not Started,,Payroll
BP-91874,EMP7144,Onboarding,Email + SSO access,Day 1,2026-05-27,Completed,2026-05-20,Manager
BP-91875,EMP7144,Onboarding,Building badge,Day 1,2026-05-03,Completed,2026-05-14,Manager
BP-91876,EMP7144,Onboarding,Team introduction,Day 1,2026-05-04,Completed,2026-05-17,Payroll
BP-91877,EMP7144,Onboarding,Compliance training assigned,Day 7,2026-05-25,Completed,2026-05-26,Manager
BP-91878,EMP7144,Onboarding,Policy handbook acknowledgement,Day 7,2026-05-20,Completed,2026-05-31,Manager
BP-91879,EMP7144,Onboarding,First 1:1 scheduled,Day 7,2026-05-15,In Progress,,Payroll
BP-91880,EMP7144,Onboarding,Role goals set,Day 30,2026-06-14,Completed,2026-06-20,Manager
BP-91881,EMP7144,Onboarding,Compliance Document signed,Day 30,2026-06-28,In Progress,,Payroll
BP-91882,EMP7144,Onboarding,30-day check-in,Day 30,2026-06-10,Not Started,,Payroll
BP-91883,EMP7144,Onboarding,Mid-probation review,Day 60,2026-07-14,In Progress,,IT
BP-91884,EMP7144,Onboarding,Probation decision,Day 90,2026-08-17,Completed,2026-08-12,Payroll
BP-91885,EMP7144,Onboarding,90-day survey,Day 90,2026-07-30,In Progress,,Payroll
BP-91886,EMP7145,Onboarding,Laptop issued,Day 1,2026-08-13,Completed,2026-08-23,HR
BP-91887,EMP7145,Onboarding,Email + SSO access,Day 1,2026-08-15,In Progress,,IT
BP-91888,EMP7145,Onboarding,Building badge,Day 1,2026-08-06,Completed,2026-08-13,Manager
BP-91889,EMP7145,Onboarding,Team introduction,Day 1,2026-07-31,Completed,2026-07-27,Payroll
BP-91890,EMP7145,Onboarding,Compliance training assigned,Day 7,2026-08-02,Completed,2026-08-03,Manager
BP-91891,EMP7145,Onboarding,Policy handbook acknowledgement,Day 7,2026-08-17,Not Started,,IT
BP-91892,EMP7145,Onboarding,First 1:1 scheduled,Day 7,2026-08-10,In Progress,,HR
BP-91893,EMP7145,Onboarding,Role goals set,Day 30,2026-08-28,Completed,2026-08-29,IT
BP-91894,EMP7145,Onboarding,Compliance Document signed,Day 30,2026-09-02,Completed,2026-08-25,HR
BP-91895,EMP7145,Onboarding,30-day check-in,Day 30,2026-08-25,Completed,2026-09-02,Payroll
BP-91896,EMP7145,Onboarding,Mid-probation review,Day 60,2026-10-06,Completed,2026-10-04,HR
BP-91897,EMP7145,Onboarding,Probation decision,Day 90,2026-11-12,Completed,2026-11-29,Payroll
BP-91898,EMP7145,Onboarding,90-day survey,Day 90,2026-11-02,Completed,2026-11-15,Manager
BP-91899,EMP7146,Onboarding,Laptop issued,Day 1,2026-08-14,Not Started,,Manager
BP-91900,EMP7146,Onboarding,Email + SSO access,Day 1,2026-08-11,Not Started,,IT
BP-91901,EMP7146,Onboarding,Building badge,Day 1,19/08/2026,In Progress,,IT
BP-91902,EMP7146,Onboarding,Team introduction,Day 1,2026-08-11,Completed,2026-08-16,IT
BP-91903,EMP7146,Onboarding,Compliance training assigned,Day 7,2026-08-03,Completed,2026-08-09,Payroll
BP-91904,EMP7146,Onboarding,Policy handbook acknowledgement,Day 7,2026-08-13,Completed,2026-08-05,HR
BP-91905,EMP7146,Onboarding,First 1:1 scheduled,Day 7,2026-08-20,Completed,2026-08-26,HR
BP-91906,EMP7146,Onboarding,Role goals set,Day 30,2026-08-28,In Progress,,IT
BP-91907,EMP7146,Onboarding,Compliance Document signed,Day 30,2026-09-15,Not Started,,Manager
BP-91908,EMP7146,Onboarding,30-day check-in,Day 30,2026-08-27,Completed,2026-08-24,Payroll
BP-91909,EMP7146,Onboarding,Mid-probation review,Day 60,2026-10-01,Completed,2026-09-25,IT
BP-91910,EMP7146,Onboarding,Probation decision,Day 90,2026-10-20,In Progress,,Payroll
BP-91911,EMP7146,Onboarding,90-day survey,Day 90,2026-10-24,Completed,2026-10-30,HR
BP-91912,EMP7147,Onboarding,Laptop issued,Day 1,2026-05-05,In Progress,,IT
BP-91913,EMP7147,Onboarding,Email + SSO access,Day 1,2026-04-16,Completed,2026-04-14,HR
BP-91914,EMP7147,Onboarding,Building badge,Day 1,2026-04-24,Completed,2026-04-23,IT
BP-91915,EMP7147,Onboarding,Team introduction,Day 1,2026-05-08,Completed,2026-05-10,HR
BP-91916,EMP7147,Onboarding,Compliance training assigned,Day 7,2026-04-26,Completed,2026-04-18,HR
BP-91917,EMP7147,Onboarding,Policy handbook acknowledgement,Day 7,2026-05-17,Completed,2026-05-12,Payroll
BP-91918,EMP7147,Onboarding,First 1:1 scheduled,Day 7,2026-05-17,Not Started,,HR
BP-91919,EMP7147,Onboarding,Role goals set,Day 30,2026-05-26,Not Started,,Payroll
BP-91920,EMP7147,Onboarding,Compliance Document signed,Day 30,2026-05-24,Completed,2026-05-25,Manager
BP-91921,EMP7147,Onboarding,30-day check-in,Day 30,2026-05-21,Completed,2026-06-07,IT
BP-91922,EMP7147,Onboarding,Mid-probation review,Day 60,2026-07-04,Completed,2026-07-12,Manager
BP-91923,EMP7147,Onboarding,Probation decision,Day 90,2026-08-10,Not Started,,Payroll
BP-91924,EMP7147,Onboarding,90-day survey,Day 90,2026-07-16,Completed,2026-07-12,HR
BP-91925,EMP7148,Onboarding,Laptop issued,Day 1,2026-08-01,In Progress,,Manager
BP-91926,EMP7148,Onboarding,Email + SSO access,Day 1,2026-08-17,Completed,2026-08-19,Manager
BP-91927,EMP7148,Onboarding,Building badge,Day 1,2026-08-15,Completed,2026-08-08,HR
BP-91928,EMP7148,Onboarding,Team introduction,Day 1,2026-08-22,In Progress,,IT
BP-91929,EMP7148,Onboarding,Compliance training assigned,Day 7,2026-08-26,Completed,2026-08-28,HR
BP-91930,EMP7148,Onboarding,Policy handbook acknowledgement,Day 7,02/08/2026,In Progress,,IT
BP-91931,EMP7148,Onboarding,First 1:1 scheduled,Day 7,2026-08-28,Completed,2026-09-05,Manager
BP-91932,EMP7148,Onboarding,Role goals set,Day 30,2026-08-30,Not Started,,Payroll
BP-91933,EMP7148,Onboarding,Compliance Document signed,Day 30,2026-09-18,Completed,2026-10-05,Payroll
BP-91934,EMP7148,Onboarding,30-day check-in,Day 30,2026-08-29,In Progress,,Manager
BP-91935,EMP7148,Onboarding,Mid-probation review,Day 60,2026-10-17,Not Started,,IT
BP-91936,EMP7148,Onboarding,Probation decision,Day 90,2026-11-07,In Progress,,Manager
BP-91937,EMP7148,Onboarding,90-day survey,Day 90,2026-10-28,Completed,2026-11-11,IT
BP-91938,EMP7149,Onboarding,Laptop issued,Day 1,2026-06-16,Not Started,,Manager
BP-91939,EMP7149,Onboarding,Email + SSO access,Day 1,2026-06-22,In Progress,,Manager
BP-91940,EMP7149,Onboarding,Building badge,Day 1,2026-06-08,In Progress,,Manager
BP-91941,EMP7149,Onboarding,Team introduction,Day 1,2026-06-20,In Progress,,Payroll
BP-91942,EMP7149,Onboarding,Compliance training assigned,Day 7,2026-06-12,Completed,2026-06-10,Manager
BP-91943,EMP7149,Onboarding,Policy handbook acknowledgement,Day 7,2026-07-03,Completed,2026-07-07,HR
BP-91944,EMP7149,Onboarding,First 1:1 scheduled,Day 7,2026-06-15,Completed,2026-06-19,HR
BP-91945,EMP7149,Onboarding,Role goals set,Day 30,2026-07-28,Completed,2026-07-28,Payroll
BP-91946,EMP7149,Onboarding,Compliance Document signed,Day 30,2026-07-03,Escalated,,Payroll
BP-91947,EMP7149,Onboarding,30-day check-in,Day 30,2026-07-08,Completed,2026-07-16,IT
BP-91948,EMP7149,Onboarding,Mid-probation review,Day 60,2026-08-05,In Progress,,Payroll
BP-91949,EMP7149,Onboarding,Probation decision,Day 90,2026-09-11,In Progress,,IT
BP-91950,EMP7149,Onboarding,90-day survey,Day 90,2026-09-10,Completed,2026-09-16,Manager
BP-91950,EMP7149,Onboarding,90-day survey,Day 90,2026-09-10,Completed,2026-09-16,Manager
BP-90786,EMP7060,Onboarding,Policy handbook acknowledgement,Day 7,2026-06-11,In Progress,,HR
